Actual_Popularity,Predicted_mean
15,13.5
1,-0.55
0,7.48
6,7.92
9,19.74
51,57.4
2,14.64
33,8.37
58,46.45
74,69.33
49,48.42
0,-1.35
9,13.14
65,67.82
55,52.32
59,59.45
39,49.28
63,61.4
28,28.81
56,59.84
71,69.28
0,9.24
43,48.83
63,46.23
53,48.53
4,23.62
58,46.46
6,13.53
8,10.43
16,21.46
39,46.35
46,56.41
0,-0.45
29,8.49
0,0.25
1,6.0
33,41.31
62,51.95
4,7.5
61,61.19
31,13.4
46,9.35
14,19.64
72,67.05
6,3.97
63,61.79
59,46.48
18,18.63
13,12.12
60,54.36
36,43.87
60,55.46
0,6.78
52,56.92
32,14.19
42,46.8
53,56.81
3,10.27
45,47.99
57,47.02
63,50.88
50,58.04
13,13.11
44,57.44
44,50.94
0,5.51
51,59.73
62,69.49
53,46.64
63,57.67
45,54.53
13,15.58
13,12.6
66,69.22
3,6.63
0,6.0
53,51.65
46,46.96
1,1.28
0,3.09
16,17.24
63,69.49
8,18.86
8,13.67
60,48.37
49,50.4
0,5.21
64,52.18
78,68.21
0,0.98
15,13.73
65,65.24
0,1.75
69,52.12
44,47.73
50,50.25
9,16.87
9,15.99
50,57.44
82,53.88
37,20.13
73,69.2
63,54.19
52,54.83
3,13.57
56,54.99
7,13.41
50,46.86
52,9.49
64,67.77
73,68.95
50,52.66
42,57.85
80,68.16
0,8.6
11,18.22
33,47.87
60,72.39
66,56.9
2,19.84
47,46.91
0,1.01
65,70.06
68,68.52
21,9.78
88,81.92
66,66.72
18,17.39
13,13.12
79,69.57
63,60.84
0,7.51
73,76.35
43,23.5
68,61.69
64,71.99
60,50.35
0,-0.3
4,10.84
42,13.56
22,9.47
42,51.08
75,71.62
40,29.91
58,55.15
51,48.06
26,7.3
14,17.37
0,11.72
0,14.41
0,10.53
43,55.73
62,20.7
0,6.28
0,9.13
71,67.7
79,62.7
51,48.52
2,9.15
0,10.7
0,10.96
11,13.81
62,56.66
49,59.17
62,66.1
68,57.62
56,55.79
42,51.02
30,9.59
9,9.58
34,52.07
16,11.59
76,60.2
2,23.4
55,46.17
0,-0.2
3,12.47
78,71.95
36,46.56
1,8.23
69,48.79
0,5.43
0,5.78
68,77.0
73,70.82
67,70.83
87,77.23
83,83.95
43,51.69
0,8.55
60,54.27
12,8.89
5,6.62
2,9.65
0,11.71
0,1.68
49,54.12
6,14.71
54,54.8
28,8.15
26,5.91
58,61.69
45,54.14
32,14.54
17,11.07
64,46.78
68,72.68
43,50.81
0,9.95
40,54.15
24,15.45
35,17.58
0,15.77
42,46.67
16,10.91
3,6.36
1,11.22
17,9.32
0,-0.76
0,12.11
30,51.18
52,55.12
14,10.92
63,55.11
46,44.4
47,56.75
42,46.92
64,54.83
11,10.9
65,57.06
5,14.88
57,50.4
69,71.73
53,10.12
80,71.12
35,47.03
0,-0.27
19,12.87
21,17.19
39,47.41
0,17.19
0,1.16
64,65.97
0,7.37
76,62.41
0,11.15
34,45.67
67,56.78
30,9.01
8,13.28
71,60.23
0,2.04
15,10.34
36,13.01
68,61.22
69,67.92
87,70.91
74,72.45
58,54.38
3,13.95
58,67.7
7,13.06
43,48.59
5,24.66
43,62.83
25,17.53
68,45.72
0,0.57
6,11.7
0,6.05
16,10.9
5,4.99
53,52.88
6,16.03
16,25.88
60,55.48
67,70.82
80,82.32
33,31.5
40,48.42
0,12.03
15,13.29
0,-0.06
60,60.61
64,56.4
79,50.8
51,55.3
36,50.58
62,71.54
56,59.87
0,2.19
56,70.85
41,45.7
60,48.24
60,69.92
5,10.33
19,19.43
7,23.61
35,24.24
3,18.76
6,15.14
0,3.17
52,50.35
0,0.76
0,7.21
0,0.03
49,55.64
51,48.09
53,49.97
54,52.08
0,0.91
0,2.74
0,15.47
81,54.05
35,47.2
44,45.4
5,4.02
75,60.18
0,7.52
58,53.8
54,56.03
11,7.49
58,67.79
3,1.49
74,56.58
39,53.67
14,17.36
6,7.95
67,73.36
28,13.13
65,43.84
55,45.76
65,67.8
44,53.54
45,50.53
12,12.42
35,50.09
0,-0.0
45,52.27
0,6.72
49,51.68
51,56.49
0,8.02
0,6.89
43,15.55
76,57.38
62,55.91
2,10.28
59,71.22
41,48.06
56,52.35
63,60.22
47,52.3
42,12.56
28,20.3
34,25.28
12,9.01
27,18.44
0,9.32
60,66.35
19,15.14
49,51.35
89,75.45
7,15.46
60,52.7
48,19.21
42,45.63
72,52.62
49,56.05
45,13.29
48,53.05
21,12.19
63,57.71
44,45.39
64,67.44
0,3.4
0,0.52
61,51.2
61,68.02
10,30.47
46,50.35
11,7.69
0,7.07
0,19.0
45,52.25
0,0.22
17,15.99
70,53.55
55,53.55
2,8.73
38,52.59
0,9.49
39,29.74
82,52.93
1,5.7
79,70.8
67,54.29
62,55.17
49,44.48
53,51.8
37,48.68
30,45.57
29,14.63
50,57.84
67,68.0
60,54.18
24,45.68
4,11.72
54,59.81
0,7.73
0,-0.2
5,14.55
10,17.03
14,4.67
0,1.08
20,20.39
47,48.88
58,54.61
20,24.06
67,56.06
13,11.22
74,67.8
74,68.14
75,59.38
63,47.0
0,0.56
65,54.03
49,45.16
0,8.06
54,51.25
68,71.52
0,6.45
41,51.54
54,56.39
43,55.11
5,13.41
0,10.24
5,5.66
66,56.77
0,5.73
40,16.61
61,50.09
35,14.58
8,11.75
61,59.86
6,6.0
64,67.2
73,61.53
0,9.76
45,49.24
36,41.78
31,15.07
31,41.8
41,47.62
35,48.25
64,53.77
61,66.81
73,50.71
60,57.06
0,18.0
49,53.21
55,66.19
61,69.83
7,6.77
67,53.44
66,72.38
45,16.38
68,70.11
54,54.87
0,8.1
34,21.94
58,56.63
16,16.9
67,49.57
27,11.28
65,50.91
29,51.16
66,61.35
60,69.68
61,66.48
0,2.82
63,57.65
0,11.92
71,67.64
0,5.09
52,52.17
33,45.74
0,-1.83
70,57.95
0,14.17
6,15.42
51,45.31
71,68.18
1,4.12
66,52.49
77,80.08
72,68.45
42,38.64
62,61.9
64,61.03
3,12.75
59,69.07
64,69.28
8,18.61
50,49.95
62,68.72
1,7.15
67,72.13
10,10.0
77,76.06
57,16.43
62,70.51
57,46.91
45,54.41
59,51.27
54,47.35
17,20.28
80,71.42
45,29.72
10,9.75
0,6.22
61,65.74
1,4.05
60,57.5
38,16.03
0,9.46
35,41.98
61,58.75
11,9.75
1,9.58
44,54.94
48,55.32
38,49.31
48,22.21
6,13.6
17,16.89
1,2.77
45,45.1
54,61.32
66,58.46
67,67.5
57,57.32
55,66.95
59,70.14
35,24.79
38,49.03
57,58.63
16,9.32
0,-0.14
53,51.24
0,6.93
0,0.27
74,68.48
72,69.14
1,5.62
51,46.36
48,47.95
50,54.71
82,76.86
0,0.68
69,74.05
0,-1.45
7,8.08
65,61.07
53,45.83
0,9.1
17,16.59
0,-0.01
50,49.38
23,12.28
57,50.93
4,14.23
41,51.94
0,-0.08
9,11.03
13,13.59
1,8.04
45,48.97
50,47.82
43,14.6
34,32.22
71,47.85
9,15.69
63,55.79
58,69.08
2,13.44
56,51.0
41,57.72
0,6.43
21,6.4
38,13.52
69,66.14
0,1.45
4,7.01
46,53.58
52,54.7
53,54.13
18,9.03
27,44.9
58,55.92
61,46.79
55,59.46
64,68.37
56,64.44
60,67.32
64,62.52
38,41.68
22,16.15
59,50.4
61,64.36
11,5.03
49,50.0
62,55.09
13,7.98
47,44.51
44,47.72
81,54.8
45,57.54
6,4.05
37,13.22
56,53.89
62,69.12
4,8.49
0,6.16
32,46.61
10,6.13
64,61.85
43,54.02
28,47.6
0,6.3
5,6.4
67,60.49
30,30.36
1,15.56
6,11.66
8,5.29
74,70.34
62,63.75
45,48.07
52,46.18
0,10.6
0,6.51
8,12.04
65,54.62
9,7.22
60,56.77
8,11.49
63,45.06
15,10.55
45,40.95
15,24.16
64,62.53
58,61.05
37,27.22
64,69.13
0,10.86
21,16.68
59,60.65
11,9.96
0,14.26
72,55.96
19,15.67
80,70.58
73,67.62
20,12.39
63,70.56
61,63.67
37,46.16
79,67.71
0,10.04
13,12.43
0,3.68
33,53.89
19,17.96
66,47.28
57,59.85
39,47.17
28,53.61
43,15.87
6,9.26
1,5.84
62,68.25
48,52.5
49,53.73
19,12.18
1,6.9
50,44.76
19,9.08
3,13.23
64,56.87
48,50.64
9,13.8
40,44.73
72,71.31
0,13.84
80,67.67
74,57.51
0,3.15
0,10.64
47,48.93
75,65.29
48,58.16
62,67.98
19,13.12
58,56.34
0,8.97
0,3.27
63,57.61
0,7.9
7,11.67
59,66.94
67,70.25
0,0.46
36,7.99
1,1.5
1,11.35
45,48.28
28,18.45
13,21.24
1,9.36
55,47.02
70,69.02
72,58.4
62,56.23
45,42.15
54,55.47
58,53.12
53,56.12
0,9.12
9,17.98
0,6.22
0,0.92
84,76.25
49,53.57
37,49.4
0,-0.47
0,0.08
60,51.88
49,52.88
37,47.45
0,2.01
44,9.51
68,67.06
23,15.62
45,35.17
51,56.11
34,50.77
53,67.89
44,13.58
63,66.34
10,15.96
18,10.07
1,8.93
0,1.32
11,11.72
60,54.03
41,49.32
0,1.66
68,49.95
7,7.52
44,49.66
1,16.16
43,54.37
13,8.22
28,17.19
6,10.08
39,47.76
0,9.19
30,14.13
44,55.25
52,53.25
23,19.42
0,7.6
0,12.06
62,54.19
2,7.42
50,47.86
72,69.46
0,-1.59
59,57.42
20,15.2
62,58.44
0,3.95
10,9.77
5,9.96
9,9.47
48,49.76
0,4.06
0,10.06
12,8.8
0,3.67
51,52.36
61,66.05
18,15.7
9,5.72
0,2.93
0,-0.17
77,53.98
15,19.17
65,56.2
1,17.2
26,20.44
51,52.6
38,50.43
11,16.68
3,13.86
8,19.2
13,14.16
79,55.27
23,13.38
19,12.49
36,51.52
42,48.84
38,47.28
0,7.87
4,9.74
60,58.4
0,4.56
3,11.57
53,58.56
54,59.03
76,74.91
50,52.46
43,52.55
10,12.04
60,60.25
47,52.48
55,59.18
74,70.48
16,15.01
0,7.99
30,55.52
40,53.69
62,58.19
39,48.72
19,9.56
61,68.57
59,51.68
10,19.79
15,11.19
53,51.21
61,60.83
11,9.35
12,22.67
0,0.16
72,70.36
0,8.76
38,21.74
55,45.6
55,45.58
53,51.67
62,58.43
9,10.07
0,8.52
76,69.78
0,7.63
11,17.03
72,56.97
27,47.52
15,17.12
6,3.58
21,17.03
0,3.78
42,49.77
69,46.51
8,10.35
44,48.41
55,59.38
65,53.28
33,25.54
13,12.17
0,12.1
0,8.66
70,54.3
68,54.36
33,44.98
0,0.78
0,6.2
0,4.58
73,52.49
26,18.16
0,0.48
0,21.4
9,10.37
0,0.66
75,73.66
3,2.47
56,59.05
61,21.99
54,58.09
3,10.0
47,45.44
25,42.39
52,62.1
3,8.94
42,49.32
46,45.91
53,55.75
0,1.08
49,55.69
85,71.86
51,59.27
4,8.25
71,57.83
45,47.03
63,69.14
57,53.22
0,13.5
3,13.67
16,22.75
65,58.42
49,58.5
71,70.92
29,44.76
56,47.68
58,50.61
40,47.15
0,2.31
46,19.03
69,70.47
55,54.52
4,9.74
0,8.89
82,70.88
30,23.47
52,56.69
51,54.18
54,54.94
75,70.62
0,0.02
7,7.52
36,18.0
64,50.51
22,18.84
48,44.68
46,53.52
0,1.8
34,5.92
26,11.98
38,48.94
35,57.36
58,59.08
4,5.48
67,69.56
66,47.8
50,57.08
60,63.24
0,0.41
5,7.85
51,50.17
44,52.03
54,55.12
2,10.91
0,0.72
66,55.24
4,17.74
0,5.89
0,5.87
0,1.91
62,62.2
73,61.96
0,4.46
9,11.81
0,8.2
59,67.86
31,42.23
5,17.75
40,50.35
0,9.08
84,68.07
0,3.28
0,-0.25
65,51.38
54,48.16
1,2.82
69,64.12
40,47.21
33,48.24
64,75.56
45,58.27
69,51.93
0,1.4
21,27.6
0,2.33
48,48.11
55,54.77
50,54.15
0,0.15
4,9.79
69,58.13
75,69.66
60,68.2
0,2.41
65,48.43
0,0.55
5,4.2
5,7.11
0,11.59
68,60.6
0,1.82
51,50.28
58,60.74
36,32.38
14,18.21
51,52.49
34,30.39
0,4.84
32,8.82
50,50.11
56,56.34
62,66.64
9,6.8
64,67.64
49,59.44
43,52.23
8,8.6
11,10.82
18,11.15
43,51.79
53,43.86
0,7.53
0,7.76
63,65.65
57,66.99
36,28.08
64,64.84
29,10.09
0,13.34
38,31.04
55,50.09
1,2.72
59,68.54
14,12.81
3,8.54
35,44.73
0,1.16
66,52.49
0,-0.67
70,63.36
38,47.72
55,59.82
32,35.1
21,13.59
59,66.31
46,55.34
52,54.58
63,53.75
50,47.37
75,66.5
47,18.72
0,1.29
57,67.85
6,12.5
14,14.26
9,7.18
11,15.81
56,49.72
30,17.75
7,7.53
0,3.61
16,10.82
50,48.8
23,10.47
74,56.24
51,56.64
0,5.64
75,62.92
0,1.9
73,51.32
50,53.14
0,14.87
53,56.22
62,66.96
31,49.77
49,52.07
58,47.16
58,57.35
79,63.08
15,8.54
62,70.71
55,46.95
14,15.73
1,15.86
39,43.78
10,16.71
31,47.9
54,56.84
44,54.02
1,5.44
0,1.21
6,8.33
38,28.83
78,70.18
63,69.39
77,70.03
63,68.13
64,61.81
0,4.36
27,44.5
59,50.7
0,18.58
0,5.23
83,84.22
0,11.62
70,66.65
0,2.97
56,69.83
7,11.92
72,76.68
46,44.72
25,15.06
41,57.82
37,29.19
11,18.74
36,53.31
0,-0.77
54,48.71
0,-0.85
0,4.39
14,13.24
10,11.92
23,10.31
61,54.59
59,51.75
62,52.97
65,69.9
37,52.32
56,13.63
37,16.1
23,14.35
41,52.08
75,69.83
59,51.3
0,-0.39
80,80.93
53,61.82
0,2.41
0,2.75
73,67.58
44,44.48
0,0.1
68,61.78
59,51.58
60,70.29
51,57.89
0,6.34
0,11.05
64,67.88
3,6.73
65,54.54
0,0.46
3,0.44
38,45.34
26,14.8
11,12.9
52,50.95
0,15.11
0,-0.14
59,51.44
37,32.7
30,50.03
56,33.73
46,30.78
35,46.88
64,71.53
0,2.04
38,55.68
52,50.07
0,1.39
45,26.78
42,57.83
32,20.89
58,68.85
73,68.08
0,20.58
0,3.44
52,48.9
6,11.69
49,56.48
53,54.39
0,1.53
62,59.8
57,69.8
37,46.81
10,18.87
0,8.49
55,52.99
10,10.85
35,46.94
6,10.86
64,45.37
60,50.91
41,45.6
21,15.26
62,63.19
41,59.81
12,9.73
65,70.35
45,26.33
63,65.85
77,67.92
0,2.72
40,33.45
50,47.78
32,46.88
41,49.61
73,70.48
63,69.84
76,59.46
0,15.65
54,57.92
0,-1.07
69,50.08
73,66.75
0,5.92
60,60.77
0,1.33
78,69.4
1,3.56
75,69.07
74,69.61
0,7.26
6,15.59
47,55.32
5,22.18
46,4.73
46,57.24
55,51.81
1,1.91
57,32.96
9,14.17
71,57.5
61,52.08
24,13.7
0,-0.31
13,11.76
12,17.51
1,13.21
14,20.27
9,9.42
65,67.27
6,12.36
18,17.94
80,68.63
9,10.76
40,44.31
72,47.21
45,56.62
66,53.13
45,49.65
0,0.79
14,7.57
0,0.63
34,29.89
47,52.1
3,0.13
0,-0.31
4,9.02
61,50.16
0,0.4
27,48.16
18,31.16
1,9.4
0,10.77
52,50.56
71,54.26
57,52.18
54,54.79
0,6.56
55,52.61
62,54.97
72,61.06
60,57.89
3,3.72
43,57.98
75,51.36
63,51.45
17,19.78
0,1.25
5,18.07
6,9.6
0,13.6
65,66.67
7,13.97
6,2.68
52,50.02
48,55.47
76,72.01
50,23.22
48,52.82
8,14.24
61,44.08
67,65.39
1,10.38
55,54.44
51,55.46
0,-0.8
77,71.72
19,18.98
0,7.66
61,53.85
41,15.65
61,46.5
29,21.26
68,60.43
18,14.14
71,70.51
52,46.47
51,53.19
31,11.21
4,6.38
70,69.25
17,11.33
9,22.51
0,20.74
36,53.5
9,9.69
63,51.2
53,62.76
48,49.61
57,60.52
68,65.86
53,53.79
0,5.72
10,5.77
1,3.58
51,53.02
48,51.91
76,72.16
0,0.08
42,53.76
59,55.05
83,70.79
41,15.78
52,60.86
7,12.82
56,52.65
0,6.98
0,1.85
9,16.16
27,25.36
0,3.58
57,54.79
59,54.11
3,6.56
23,8.0
11,10.12
6,16.06
26,26.5
38,17.73
59,58.14
48,57.72
0,6.2
0,9.63
31,8.98
39,49.8
0,9.46
28,48.43
55,53.63
71,61.17
3,9.0
58,45.92
0,4.88
14,16.66
0,0.86
57,44.09
0,1.96
34,13.69
0,8.66
68,55.25
11,13.59
11,16.88
59,56.2
21,10.78
0,9.85
54,58.43
46,49.34
44,52.92
75,70.02
38,33.92
12,8.58
42,45.38
81,67.57
23,14.86
49,50.9
4,15.98
74,58.9
0,8.32
72,56.03
53,51.65
47,47.27
60,68.85
69,58.95
44,33.93
47,51.28
61,65.86
32,10.81
14,14.3
37,9.74
0,2.34
51,53.04
30,17.68
59,52.2
46,55.9
64,58.24
41,10.22
0,13.14
9,12.14
48,48.42
0,0.29
16,19.56
64,68.91
5,9.2
0,12.09
2,13.7
50,51.56
52,51.3
13,13.47
56,70.36
0,17.09
23,16.18
57,44.94
0,3.22
53,58.25
0,-0.64
69,68.61
77,68.92
3,27.16
6,10.12
46,12.06
66,68.26
64,53.89
0,9.88
46,8.27
79,79.17
0,0.71
62,50.03
0,4.51
41,55.02
9,11.07
76,53.5
64,53.69
82,54.18
58,55.98
21,9.03
8,13.83
40,53.46
58,69.65
52,56.2
0,7.24
3,9.74
0,1.31
48,53.44
57,46.23
71,70.02
63,48.88
57,52.55
0,11.0
0,8.86
30,49.9
63,70.54
59,59.48
55,63.83
68,74.99
51,47.61
68,49.22
54,52.68
44,35.41
69,68.76
0,0.09
73,71.35
45,48.45
9,11.22
5,17.67
40,21.2
0,1.93
75,54.74
0,1.44
4,9.51
2,2.9
46,48.5
0,6.41
1,9.29
17,10.39
18,9.74
0,7.11
69,65.53
46,3.51
16,5.15
42,44.22
0,10.67
52,56.2
38,26.72
46,53.32
43,23.02
86,69.74
36,42.94
35,16.33
82,73.89
46,45.4
0,9.97
0,6.49
48,44.66
33,16.4
0,7.35
40,47.8
2,15.39
52,47.94
45,48.8
70,58.9
46,44.69
0,15.29
37,54.11
49,49.32
3,26.79
57,44.38
0,5.76
44,55.08
1,7.34
64,63.45
0,6.5
0,10.95
39,23.34
69,59.7
0,-0.36
33,51.78
59,55.52
51,59.18
34,51.98
3,8.18
50,54.44
0,0.34
56,56.16
72,56.82
79,71.2
59,51.87
27,50.53
5,6.35
16,8.31
57,58.27
60,60.25
2,7.51
0,0.08
19,17.92
35,48.33
51,49.76
50,45.75
54,57.53
0,4.89
45,36.36
65,68.1
58,67.38
7,11.14
50,43.88
72,69.58
62,63.74
7,9.55
82,75.85
45,51.12
68,72.23
46,47.51
0,13.62
3,9.63
64,63.61
55,42.03
36,19.0
0,6.39
27,12.48
8,5.11
2,7.33
73,56.28
0,1.38
43,49.63
59,54.41
62,61.54
7,12.36
0,2.15
75,70.57
43,57.8
57,69.0
13,8.14
0,2.01
11,17.6
2,17.27
7,14.28
51,16.87
18,13.67
0,9.12
33,45.85
5,10.28
26,16.98
72,62.51
58,48.9
65,65.65
27,47.07
10,6.47
28,15.99
12,15.51
48,46.62
10,13.74
54,47.09
70,12.17
68,65.71
15,15.68
37,49.67
59,67.39
0,-0.28
0,12.17
29,21.24
28,17.9
8,8.51
67,67.87
58,62.44
44,50.62
0,8.29
0,0.83
34,46.71
10,8.88
18,10.76
0,8.1
2,9.11
9,23.57
74,66.5
64,49.76
68,50.68
3,19.34
60,55.13
74,55.86
51,54.3
0,-0.32
74,68.75
60,53.42
3,3.73
14,12.11
44,47.14
62,53.1
68,68.8
77,73.28
55,67.23
0,3.86
64,45.77
41,45.4
41,5.21
55,53.92
50,49.74
0,5.56
0,13.21
67,54.31
6,10.52
43,42.92
0,-1.83
2,8.89
37,17.0
73,59.28
24,11.11
70,59.37
0,16.26
7,8.15
11,15.11
56,69.15
46,49.07
38,50.69
23,8.81
72,71.19
47,52.43
49,50.62
0,0.17
60,49.51
38,35.28
14,15.62
55,52.06
60,66.41
0,0.87
0,3.43
55,48.39
73,53.07
0,11.57
46,6.57
52,11.42
1,12.67
58,60.66
26,24.7
7,9.17
64,56.58
49,44.07
2,4.78
69,53.89
5,15.27
31,13.26
31,48.07
0,8.79
13,12.63
0,16.03
66,60.48
0,12.28
41,51.0
0,-0.34
3,18.9
0,24.7
6,10.46
42,6.9
44,26.23
20,7.67
53,55.62
46,48.06
0,10.88
63,69.56
63,68.31
66,55.36
71,57.47
86,63.2
70,72.93
4,8.92
60,42.7
43,57.74
39,18.29
0,11.63
55,59.83
78,78.0
49,55.71
89,71.54
62,54.62
47,51.85
28,25.7
10,8.52
63,48.94
58,60.5
53,49.92
0,4.92
67,61.74
9,11.12
18,11.75
55,58.3
3,7.07
44,49.24
77,75.76
0,2.56
29,13.14
64,55.07
4,11.2
67,55.92
74,68.58
55,44.95
9,11.14
75,71.12
27,44.25
49,18.24
10,16.72
15,14.12
55,55.43
0,8.19
68,59.31
61,57.07
0,6.78
6,13.78
58,60.93
57,47.4
23,13.1
61,50.47
45,55.61
73,55.61
0,2.92
52,48.49
33,55.94
43,51.22
60,52.4
61,67.9
50,59.16
25,24.73
3,11.96
34,9.82
23,10.96
52,52.54
6,9.03
48,47.75
0,3.68
2,5.3
0,0.84
65,68.57
0,-0.4
0,0.43
17,9.31
57,69.69
41,25.88
4,15.14
67,68.77
5,8.51
4,6.07
60,56.38
61,57.87
65,48.23
10,12.38
0,8.39
69,69.8
73,71.47
68,64.79
0,4.91
13,13.14
55,57.44
66,54.21
0,3.01
59,47.72
48,52.21
47,52.61
8,10.8
35,42.46
48,57.38
56,59.44
0,8.26
43,51.66
60,51.87
30,47.83
53,52.19
0,7.89
0,-0.02
48,53.5
60,51.76
54,53.99
58,64.45
0,2.23
31,20.59
10,18.91
0,1.3
2,7.13
0,10.6
35,47.56
0,8.8
10,19.26
12,11.07
0,1.55
0,18.38
54,64.08
75,74.09
18,21.32
3,10.75
17,13.16
0,-1.02
66,13.35
7,16.19
18,16.45
0,1.25
50,60.84
15,16.08
66,66.66
2,8.05
43,45.87
0,4.52
0,0.88
17,14.97
26,12.24
0,0.8
52,53.89
1,2.09
19,9.18
1,1.25
30,32.76
78,65.75
3,7.03
0,1.45
28,5.48
9,25.37
71,68.61
4,20.95
40,48.83
0,6.42
0,8.89
3,7.34
38,47.9
66,63.83
63,65.99
15,16.05
62,49.68
0,-1.02
1,2.91
0,12.88
23,41.02
12,8.14
35,46.18
0,5.62
13,9.24
3,12.95
41,53.24
3,13.18
17,24.91
62,52.52
66,44.35
0,4.43
51,51.0
38,15.96
9,3.49
10,11.34
3,9.99
66,70.57
61,59.2
68,57.15
0,13.96
92,70.04
67,58.11
48,59.19
13,23.73
2,24.22
31,22.13
45,49.42
49,54.57
39,17.61
30,19.14
35,16.98
7,8.42
69,45.82
0,10.88
73,54.32
70,68.64
56,52.41
47,49.48
40,52.85
41,57.2
62,67.59
10,13.69
33,47.71
65,57.4
67,67.71
48,58.85
55,53.35
51,52.66
31,25.93
1,9.88
13,5.97
61,68.24
44,56.14
11,11.82
40,51.23
7,14.81
60,67.25
60,51.2
0,2.97
24,38.65
9,17.54
5,17.59
16,7.14
4,15.56
6,7.88
63,66.25
3,7.48
62,66.76
58,58.92
0,5.04
6,8.68
62,54.74
49,57.27
63,53.66
52,26.98
7,6.36
6,9.59
0,10.26
19,8.18
4,3.1
26,8.02
34,46.12
9,23.49
70,68.77
39,52.48
48,58.47
34,17.94
0,0.13
62,57.42
40,46.62
62,52.36
10,4.21
64,60.71
0,6.88
49,28.5
32,22.69
12,9.92
0,0.45
28,11.03
0,8.8
56,50.42
5,11.3
53,56.19
8,9.72
34,15.41
65,69.14
61,23.3
53,56.13
72,68.66
0,1.11
67,72.61
54,54.47
60,52.25
13,11.62
58,52.69
0,8.38
61,48.78
75,70.53
13,5.79
0,12.79
1,9.53
15,9.41
34,11.52
0,16.91
75,77.32
72,67.07
0,19.47
9,4.07
12,11.22
0,17.95
73,69.96
38,46.54
63,59.29
60,70.49
3,4.24
19,13.83
76,54.92
0,22.48
3,9.23
22,17.95
0,1.45
76,54.99
0,3.31
8,9.98
77,69.79
0,-0.7
0,0.01
61,55.05
53,54.4
7,7.36
46,53.3
3,18.71
59,57.28
0,20.86
60,69.31
54,51.41
0,1.14
0,7.35
58,75.78
51,59.33
77,63.78
46,51.75
64,68.91
54,52.88
26,41.43
71,72.17
64,69.57
46,50.91
47,55.73
0,1.19
60,53.49
51,18.9
29,20.78
0,15.4
57,46.11
8,10.88
6,12.41
77,76.84
0,7.84
30,26.9
28,15.69
46,60.52
71,77.11
3,5.75
52,60.8
42,47.69
33,18.28
5,4.23
0,13.89
9,13.79
4,14.01
53,56.67
46,51.73
56,62.32
26,5.3
67,54.04
3,18.45
79,61.71
72,52.98
60,57.68
62,58.36
55,56.29
3,18.24
78,79.22
64,54.0
58,48.47
66,55.29
41,53.73
17,14.96
46,54.46
56,55.4
60,53.71
0,1.94
45,48.61
36,13.32
0,8.82
44,51.99
54,61.7
49,21.33
43,55.42
32,11.79
15,15.72
43,30.76
70,69.23
0,0.66
69,36.57
57,53.09
0,9.24
14,8.9
14,15.8
14,12.84
25,19.66
59,55.62
56,57.63
63,67.54
18,19.8
58,56.05
57,54.54
72,54.52
67,55.52
64,54.54
67,66.09
75,67.17
34,51.16
55,48.42
28,9.02
49,48.54
66,58.99
62,53.61
36,9.06
39,44.72
0,12.73
4,10.98
14,19.67
39,46.46
50,48.37
0,2.7
74,65.56
26,7.97
63,67.05
5,18.91
0,19.32
0,0.75
50,49.13
68,70.15
40,47.21
0,10.06
0,-0.81
0,6.95
0,5.34
12,11.71
13,15.05
6,11.17
78,68.98
30,17.58
0,5.75
8,5.76
75,67.71
0,16.09
60,68.05
70,67.0
60,57.94
14,8.82
31,22.61
4,6.47
76,58.61
14,12.54
0,0.28
60,54.94
67,76.82
1,8.74
32,41.01
31,19.87
0,-0.55
38,51.42
50,55.65
0,4.38
0,4.49
0,7.67
11,17.28
70,67.65
43,50.41
67,55.07
51,60.47
2,12.11
57,47.52
68,52.92
26,19.39
64,61.77
14,12.23
66,58.38
4,8.19
10,7.27
69,66.85
28,10.89
0,0.92
91,66.13
66,57.53
3,13.79
12,6.38
0,0.37
57,59.55
0,6.05
36,36.02
66,48.46
0,1.84
0,1.84
69,65.7
73,56.87
34,47.45
0,1.62
41,53.6
11,11.6
4,14.93
63,54.29
46,48.94
49,47.93
51,59.88
0,6.8
21,19.03
68,52.22
0,5.56
76,68.17
6,15.86
32,4.06
54,57.12
50,54.02
54,53.04
0,1.68
39,48.05
0,19.5
53,61.3
51,55.9
0,19.24
46,54.32
23,22.91
9,9.84
76,69.62
63,21.86
1,1.89
32,22.39
71,72.03
64,49.26
0,7.73
60,58.67
74,73.97
30,16.62
4,10.04
0,6.17
63,48.15
60,51.5
0,10.95
55,58.81
60,50.44
58,57.77
1,6.48
0,6.27
83,76.5
0,7.35
7,6.06
52,53.87
54,57.1
13,8.84
10,5.13
41,47.73
49,52.9
71,66.42
5,9.68
18,12.67
67,70.79
0,-0.44
82,57.74
69,70.29
0,2.91
1,3.07
3,11.17
0,5.13
63,52.7
60,61.67
60,47.38
71,71.07
0,0.4
0,5.11
19,11.4
60,52.79
5,8.27
46,45.69
44,57.92
36,18.48
0,2.82
0,2.52
63,67.5
59,49.54
14,13.36
39,45.71
4,6.68
47,17.9
0,9.27
57,47.14
52,53.69
74,73.79
0,1.49
47,54.25
40,38.1
63,67.43
30,16.15
55,58.66
0,-0.51
7,7.79
51,45.39
51,56.28
13,15.74
10,6.97
48,50.7
23,10.51
0,3.05
36,33.79
56,53.05
44,45.73
0,11.47
48,52.64
0,-0.36
53,56.5
72,69.15
14,12.88
40,56.42
43,44.48
65,69.09
61,66.48
0,6.12
0,3.71
71,69.63
64,67.62
43,50.27
43,31.16
65,68.13
3,-1.13
59,52.75
55,30.36
0,1.76
14,14.01
86,77.68
69,60.64
37,46.49
0,1.44
65,59.13
0,1.27
63,58.75
16,12.18
42,50.97
1,-0.77
0,14.1
56,56.42
0,7.27
7,27.71
59,48.09
0,9.46
1,3.75
0,1.07
6,12.44
44,53.56
0,0.27
47,54.72
19,15.26
53,50.15
47,57.65
12,9.62
34,15.52
32,42.01
68,71.55
65,59.09
15,5.19
35,45.99
45,52.36
0,4.91
37,16.65
0,5.07
63,51.59
0,-0.31
58,61.99
46,60.92
49,50.22
0,8.66
59,51.55
61,68.28
49,55.15
7,12.87
0,4.83
2,27.98
4,9.32
50,52.89
43,18.71
15,16.65
12,13.71
0,12.59
46,46.17
67,67.77
60,63.59
14,13.01
48,56.75
48,51.78
3,11.76
50,56.52
33,15.95
0,1.56
8,7.65
0,8.68
45,44.51
0,1.54
0,16.89
32,56.44
3,11.42
36,18.48
71,68.52
54,53.78
57,55.25
8,10.66
26,12.48
55,52.86
44,43.77
64,57.33
0,2.24
36,43.85
17,16.83
60,56.08
40,17.0
6,12.12
16,11.33
35,41.0
34,10.34
55,52.56
32,18.16
0,7.21
0,7.28
48,56.09
9,5.38
8,7.47
16,17.38
54,57.04
35,52.07
0,12.41
72,69.86
65,65.28
47,56.71
38,21.83
50,48.33
13,10.05
60,52.96
9,9.34
60,49.33
61,67.73
43,46.11
62,46.62
2,11.65
65,48.94
63,48.98
13,12.22
55,58.59
39,22.07
78,68.3
8,22.0
30,43.4
0,13.9
59,63.32
13,13.33
30,20.94
58,56.25
38,12.77
10,4.27
70,68.93
42,50.74
32,46.91
0,10.27
0,10.34
6,11.15
40,21.94
41,52.96
57,56.77
67,49.5
32,20.79
0,0.39
36,35.16
74,60.08
0,10.83
47,51.87
66,59.28
74,66.33
56,50.63
71,68.42
62,67.77
78,52.62
1,13.74
52,25.03
27,13.01
72,51.5
45,49.0
69,59.81
46,52.06
13,12.61
41,24.36
66,58.91
14,32.57
73,69.89
70,71.58
17,8.72
0,13.74
38,20.57
12,18.35
55,59.48
45,52.01
46,48.77
0,5.92
9,23.6
0,0.49
0,-0.79
54,49.06
0,0.82
53,53.41
46,48.9
76,76.81
71,68.38
41,49.37
34,34.35
1,3.03
63,69.36
39,50.26
79,59.28
0,1.98
49,50.5
0,13.53
0,6.17
56,59.66
54,56.8
5,11.67
52,51.09
79,58.58
0,1.56
45,48.7
12,5.85
58,58.16
56,49.83
74,66.96
58,66.98
66,54.07
0,1.39
12,5.39
66,58.1
51,59.38
56,53.59
40,58.99
55,56.27
12,11.2
0,3.64
42,49.97
9,19.13
17,14.79
63,54.8
48,51.51
75,67.82
34,33.57
48,46.87
0,0.39
58,68.79
0,6.24
33,53.98
17,24.48
0,0.9
0,13.46
1,6.31
0,1.34
0,7.17
20,27.42
42,53.24
49,48.0
41,27.95
0,9.79
46,51.77
70,68.22
71,48.95
41,55.49
14,20.46
0,1.29
0,1.91
55,53.55
23,18.65
8,9.66
61,56.9
12,6.51
6,13.73
0,0.28
3,8.35
62,57.64
58,43.37
54,14.99
28,16.73
56,58.42
0,9.68
67,55.6
47,57.36
67,70.96
59,22.25
7,10.85
0,1.26
52,48.98
6,3.63
68,61.28
63,63.9
15,17.12
64,57.41
1,16.62
40,50.01
43,55.37
40,17.22
58,53.5
49,55.09
9,8.19
69,69.71
41,50.07
47,51.55
0,10.91
1,13.72
65,55.99
0,4.3
0,8.11
52,56.65
0,13.77
0,8.35
0,4.02
54,53.31
50,51.74
0,0.95
29,17.11
63,57.37
72,59.22
1,12.55
15,8.18
0,7.63
66,56.81
67,65.06
28,10.29
85,70.56
58,69.07
57,60.43
29,21.27
3,12.37
0,10.16
0,-0.34
53,41.34
0,12.26
0,6.1
47,44.88
56,52.89
62,65.29
68,70.62
70,70.85
46,56.13
41,50.86
0,3.58
69,71.23
62,68.93
67,70.05
47,30.81
15,8.91
56,55.32
85,74.36
20,14.01
12,18.94
8,10.71
37,48.89
76,68.88
67,69.71
39,11.16
80,70.2
0,-0.15
46,46.5
63,76.34
30,30.42
3,5.12
42,56.56
42,51.15
28,14.06
2,7.9
12,8.85
58,69.85
3,18.12
40,43.77
26,3.66
0,2.72
1,6.44
17,19.91
0,28.7
0,10.17
53,50.04
4,3.65
29,19.03
35,44.43
66,54.39
69,47.44
45,54.83
76,73.75
3,9.03
17,25.4
13,15.98
59,50.26
19,16.95
33,35.58
61,64.31
59,65.76
36,32.72
3,9.04
0,13.32
0,5.75
85,72.22
2,21.52
32,10.04
20,24.26
51,46.41
78,75.97
41,49.85
44,25.25
57,50.82
57,54.69
1,4.05
54,45.15
59,45.61
35,42.16
48,49.35
70,69.48
44,48.61
25,15.97
0,5.65
0,4.06
75,55.72
50,55.59
0,8.74
50,49.98
73,60.17
47,55.38
43,49.36
30,8.79
59,62.34
65,35.77
67,70.64
37,54.78
8,8.37
49,53.27
0,6.48
43,53.01
57,55.57
34,17.23
23,15.54
71,60.92
62,60.13
0,20.19
61,66.97
0,3.21
57,33.82
72,71.61
55,45.16
27,9.57
7,3.24
41,16.39
67,53.94
42,53.63
60,57.49
2,13.19
38,51.67
52,60.14
0,16.09
50,53.49
3,11.57
10,10.44
51,51.97
41,47.62
4,7.68
54,53.27
14,14.3
7,16.52
76,67.58
49,47.06
19,6.07
0,5.47
0,0.62
69,56.84
87,77.1
71,56.39
6,9.92
70,57.49
12,15.15
42,50.92
15,18.74
8,9.93
53,48.47
46,52.51
70,70.74
0,2.1
10,14.18
70,53.79
17,14.36
62,53.95
0,7.77
42,6.87
66,52.41
42,52.57
44,45.5
2,8.92
56,52.61
55,52.61
0,8.27
10,21.39
51,56.6
51,54.79
0,3.54
0,2.32
8,17.37
49,43.44
30,18.4
77,50.38
9,9.64
51,49.87
5,16.48
47,48.17
58,56.22
0,2.63
57,53.1
15,10.61
18,21.02
0,3.73
59,60.8
4,2.57
23,19.31
19,5.94
29,12.61
64,54.57
0,9.15
28,23.25
68,61.64
0,6.01
69,50.08
33,43.87
34,51.84
53,50.33
66,65.39
59,55.0
2,3.9
0,9.56
7,10.92
13,14.08
58,46.51
70,60.43
0,8.24
70,70.35
0,5.94
0,14.31
71,68.22
79,71.84
48,45.49
73,55.11
11,13.41
60,65.95
9,9.56
36,45.59
44,47.9
48,53.5
71,56.69
67,62.26
60,66.48
3,11.7
48,52.32
31,20.95
11,18.87
61,51.86
0,0.65
3,9.42
47,53.53
65,60.87
0,17.76
74,72.82
50,21.5
58,55.32
41,8.08
0,-0.85
42,51.68
79,70.58
68,68.0
0,1.97
68,51.62
71,49.08
43,53.5
31,16.04
18,22.12
11,10.84
0,4.9
39,44.6
53,55.72
46,48.66
55,48.29
39,34.46
50,53.58
5,18.87
51,50.69
34,6.62
7,21.74
69,55.82
66,69.24
58,67.59
53,54.53
43,7.98
0,11.45
0,3.99
39,58.36
1,14.84
59,49.58
39,46.06
46,48.76
51,61.49
13,18.13
0,7.36
64,60.16
1,1.33
50,47.19
14,15.56
34,12.85
0,2.28
48,52.73
14,17.09
46,17.28
58,50.94
85,76.93
59,71.13
63,49.86
69,51.04
0,20.15
2,9.58
22,12.76
47,47.95
0,10.58
0,4.38
0,9.34
31,21.45
50,44.68
47,18.49
4,17.36
54,58.58
69,70.95
0,7.62
57,34.14
61,46.65
52,57.21
15,12.1
0,3.77
45,51.41
31,32.33
57,57.86
51,56.19
62,54.13
46,52.49
34,11.14
0,-0.43
0,0.52
9,8.01
0,1.93
8,18.21
3,13.5
31,9.11
58,57.28
54,54.21
63,56.05
71,68.34
15,15.88
62,66.6
47,46.71
0,10.15
48,49.76
52,61.05
0,5.46
49,51.19
66,52.06
56,46.94
42,47.94
32,44.47
70,68.85
65,72.06
0,0.01
44,48.05
4,6.73
74,66.98
50,54.23
5,3.62
48,43.78
28,19.74
0,3.8
76,60.51
0,14.39
30,20.55
18,10.02
42,49.66
39,49.98
0,0.73
0,18.36
36,30.79
44,48.14
7,4.04
53,47.24
0,3.58
73,62.76
67,49.48
14,12.24
42,27.72
1,4.33
0,4.65
55,47.14
6,14.25
49,53.16
39,25.89
1,1.65
30,11.73
17,8.56
47,53.86
60,50.23
4,7.21
40,12.04
45,50.0
51,52.15
26,6.67
69,47.17
4,16.68
81,70.95
55,50.92
9,12.49
47,52.17
8,11.96
23,24.05
46,46.78
50,57.37
5,6.04
54,44.26
59,46.51
57,52.49
38,56.3
0,-0.16
0,5.51
7,21.33
0,6.04
20,14.06
68,73.14
51,56.75
52,52.3
0,0.18
66,68.82
77,70.1
16,12.43
0,-1.51
58,54.38
28,13.2
48,53.07
43,57.28
17,19.03
53,58.63
9,12.0
52,53.09
0,8.14
53,47.51
62,66.62
75,71.0
69,66.36
68,51.83
43,53.78
8,14.35
36,45.77
10,14.99
30,21.51
25,12.27
50,45.62
6,16.97
62,58.87
47,50.09
3,9.91
60,68.16
13,14.08
16,15.12
39,28.95
0,-0.02
11,18.74
0,8.02
46,51.58
67,60.86
0,0.72
45,54.24
75,53.22
67,68.01
51,43.16
63,62.01
21,12.09
32,53.66
50,58.81
0,5.19
29,44.73
0,0.11
4,11.02
50,45.0
56,52.71
0,9.67
57,62.96
46,45.1
62,72.89
68,50.5
69,70.28
63,49.02
43,17.39
66,63.19
3,10.68
30,35.23
8,18.93
4,8.56
24,30.3
34,3.93
24,17.46
54,69.83
64,69.84
4,9.47
15,21.44
0,3.36
0,5.82
0,2.24
59,57.98
35,45.44
66,56.94
37,43.63
36,50.74
9,13.34
60,58.14
77,69.66
40,42.33
61,55.9
46,61.11
26,22.29
4,10.42
11,8.07
0,9.57
0,5.77
56,57.0
64,55.98
36,9.02
79,51.65
6,13.14
0,0.27
0,0.21
35,25.96
49,55.15
1,7.46
46,48.07
75,73.03
74,66.91
31,32.21
27,13.62
0,1.22
0,1.23
6,4.5
45,53.57
1,2.06
0,3.53
61,54.92
65,56.15
75,75.56
50,47.99
28,29.67
34,48.5
43,52.14
7,14.34
61,46.14
48,19.23
0,8.21
57,50.44
3,10.05
83,73.14
67,59.26
47,59.01
12,11.62
0,4.21
55,58.24
45,54.19
61,63.76
5,7.85
2,7.16
7,13.46
28,28.25
16,19.18
51,51.06
2,16.11
0,3.03
18,10.97
71,68.37
33,49.54
65,53.47
72,68.64
10,14.72
0,7.4
17,10.63
65,45.87
40,45.08
61,67.8
63,57.03
74,79.37
13,16.78
52,55.44
25,46.7
46,54.47
70,67.74
0,1.2
43,52.48
0,5.23
70,57.73
56,53.94
32,42.48
2,13.09
63,53.71
56,62.5
56,47.16
7,11.03
53,56.57
71,69.72
45,55.14
66,66.31
60,59.11
0,9.7
62,50.27
62,71.87
15,14.64
77,71.92
54,52.46
43,24.26
67,55.43
37,53.54
0,7.24
44,48.46
0,2.81
54,62.16
6,7.5
52,45.96
37,57.52
59,48.19
67,68.64
6,10.1
3,12.15
0,11.31
58,67.45
31,21.32
57,52.11
72,55.47
0,0.44
1,6.64
58,59.4
33,23.6
34,29.45
62,54.13
80,68.55
62,57.28
0,1.01
67,55.15
30,12.07
63,62.98
75,69.24
50,47.19
71,70.14
47,51.15
59,49.56
68,56.81
65,59.55
48,50.07
57,52.65
42,31.55
0,0.77
42,51.82
10,10.24
60,57.97
45,50.59
75,68.78
60,58.45
8,11.36
28,46.51
46,57.35
40,49.35
0,1.17
0,0.52
61,43.29
44,53.36
42,53.65
1,6.6
73,55.07
0,0.71
72,66.77
22,27.09
0,0.61
0,17.82
53,48.65
11,15.09
25,23.31
5,4.23
4,3.17
52,53.24
36,47.46
0,4.82
44,15.9
44,46.35
60,63.31
75,52.67
58,67.68
37,47.15
44,51.01
15,12.72
59,57.12
49,53.56
50,52.68
26,16.89
16,17.33
16,16.46
46,53.03
22,10.71
7,16.97
30,7.86
52,60.2
56,60.26
4,11.96
56,46.53
67,59.35
3,7.06
47,49.24
16,9.34
0,9.26
48,47.7
2,6.03
0,9.26
52,49.03
0,0.15
35,49.45
59,58.58
53,54.91
0,6.48
0,0.51
78,74.07
55,56.88
0,10.75
40,15.25
0,10.01
3,8.32
10,4.23
2,1.9
63,65.39
58,55.37
49,46.47
0,11.6
22,8.31
75,68.1
0,2.45
0,6.6
11,5.6
15,23.16
0,0.23
43,49.0
4,8.38
56,58.19
40,51.58
21,10.64
0,29.44
0,5.49
0,-0.17
0,5.95
14,9.72
25,22.08
17,15.57
67,73.25
75,72.62
4,10.1
6,12.58
33,34.72
9,8.15
0,5.65
50,46.51
22,15.0
55,64.92
0,5.0
69,74.95
39,49.17
53,53.28
16,33.23
20,13.93
19,5.63
50,57.76
69,65.77
31,20.04
0,3.08
12,18.05
58,59.58
35,48.78
42,50.19
8,15.55
33,48.15
47,55.72
28,15.36
65,53.68
56,45.87
2,7.79
58,47.41
49,52.99
52,53.03
61,60.41
13,16.06
42,58.25
14,11.97
6,11.7
1,11.84
0,8.81
63,71.23
2,9.04
73,62.38
1,3.57
61,58.15
0,1.44
78,63.96
36,53.33
7,11.71
55,59.89
0,0.88
42,49.39
0,4.39
64,56.14
40,45.64
51,50.64
58,49.3
1,4.78
61,53.2
12,7.53
0,1.28
1,1.64
61,50.21
83,51.37
0,2.13
0,2.91
71,69.31
16,16.55
26,13.81
66,62.63
3,7.66
0,-0.01
0,11.32
65,69.0
11,9.14
1,17.09
64,68.77
68,74.11
5,6.02
82,71.76
48,51.7
69,72.13
53,51.99
1,9.14
19,17.92
79,56.7
53,53.21
44,52.14
70,69.64
46,56.82
29,4.96
53,60.7
62,62.39
0,0.68
10,12.71
0,3.62
0,7.39
56,52.83
38,50.93
0,-0.28
0,6.18
52,54.65
22,10.86
52,54.08
7,7.56
44,44.34
0,4.85
47,17.4
76,70.26
69,74.72
25,16.98
38,48.09
74,58.73
0,0.99
0,7.29
28,16.47
61,48.05
36,45.02
70,65.98
6,13.55
66,53.91
76,76.09
34,37.55
70,68.2
60,67.45
67,65.01
42,47.52
4,18.13
64,48.43
61,50.64
52,57.21
39,8.16
0,-0.21
5,12.24
0,9.73
53,57.62
3,13.56
40,43.48
14,14.52
37,19.38
14,7.64
0,16.55
8,11.04
58,66.62
72,50.27
0,1.51
68,69.73
14,13.19
7,11.59
5,14.09
62,57.21
15,14.44
0,9.4
24,26.0
7,14.35
70,69.75
1,8.84
83,42.86
46,46.12
78,63.1
0,4.47
28,17.23
51,48.21
41,53.38
48,57.7
4,10.51
47,55.2
62,52.29
48,50.35
54,55.61
1,8.11
12,15.32
31,45.33
66,50.28
29,16.22
54,52.55
32,52.49
48,58.4
26,16.79
81,67.65
45,45.42
58,57.03
6,11.64
0,0.37
73,57.8
75,55.49
31,11.63
8,20.13
58,58.77
0,4.73
47,52.75
59,59.04
49,54.99
0,14.1
19,18.12
0,6.8
0,12.38
68,68.95
33,37.69
68,68.25
0,15.9
26,8.12
80,72.04
25,23.31
0,6.93
3,9.78
54,61.17
6,19.03
0,2.13
0,8.81
4,13.05
59,48.4
79,69.8
65,71.08
17,7.87
72,49.67
7,12.91
38,51.45
61,68.64
76,68.96
7,18.36
0,11.2
0,-0.18
33,16.44
37,28.53
49,48.01
0,6.17
0,10.7
3,9.12
37,27.36
9,14.63
41,13.92
0,9.72
0,0.69
0,12.09
90,74.48
40,45.06
53,56.19
22,11.21
43,17.49
3,17.67
46,53.15
10,11.99
58,47.89
61,64.98
80,66.73
8,2.54
53,53.45
59,65.37
8,7.28
1,10.36
25,18.24
53,50.35
65,70.87
36,51.16
27,54.05
64,59.67
66,60.89
10,7.52
69,52.94
30,15.77
0,6.24
66,57.85
55,60.62
33,49.68
20,17.24
71,67.16
39,45.41
1,7.59
2,4.74
38,46.6
0,2.57
3,19.5
0,8.03
0,-0.68
0,15.17
36,47.97
65,60.53
74,64.29
0,9.78
61,60.53
50,54.11
0,1.03
40,58.58
63,68.47
36,45.56
43,24.57
79,73.83
44,59.66
30,21.16
23,7.25
39,51.58
72,67.67
55,55.37
0,0.29
54,47.69
30,24.97
49,54.36
61,58.64
0,10.75
71,60.69
0,-2.15
54,48.58
3,10.06
65,72.84
41,52.26
43,49.28
0,1.71
4,17.62
6,9.88
0,4.88
11,12.82
0,12.31
42,58.83
21,16.17
49,50.96
60,61.75
11,10.05
0,3.86
0,14.8
0,-0.32
12,11.68
61,70.27
21,25.31
40,15.64
2,8.75
53,15.51
29,9.92
59,62.13
0,9.78
0,1.8
6,9.27
0,6.72
48,59.41
40,45.27
74,57.29
19,8.59
9,10.62
75,57.59
68,44.37
0,10.59
0,9.04
50,50.09
55,45.6
3,8.41
56,56.87
23,17.48
13,11.43
56,52.86
68,67.05
15,13.92
49,60.94
59,63.37
60,66.9
36,16.08
68,67.98
38,22.14
45,47.82
63,51.13
0,4.77
47,46.78
66,66.85
0,10.46
61,62.99
52,47.55
31,45.05
52,55.53
10,9.37
74,67.24
0,9.17
72,71.02
10,8.78
12,5.45
5,11.03
9,8.41
41,29.86
65,70.73
0,8.31
6,6.48
25,6.41
22,12.44
65,44.65
13,13.62
51,52.63
1,7.9
28,13.8
11,12.44
35,24.89
67,66.77
83,72.03
1,2.89
0,11.92
33,47.95
24,13.63
59,54.27
0,0.52
72,56.96
33,17.32
48,50.19
25,13.93
55,62.2
67,69.32
52,47.44
0,10.33
58,57.41
4,12.97
70,66.08
70,69.52
0,3.24
55,53.87
38,55.79
68,61.38
47,35.29
74,66.41
53,44.21
76,75.79
9,2.1
53,57.76
57,56.26
0,-0.31
64,70.95
63,58.99
63,57.17
6,13.63
54,48.62
36,5.85
22,16.22
10,17.18
51,47.08
0,-0.04
48,17.31
80,70.56
69,68.62
10,11.89
4,11.64
0,11.2
0,8.25
7,21.24
61,54.21
23,14.53
20,13.92
24,11.53
8,11.06
0,1.44
31,12.46
47,51.44
50,45.09
41,54.41
56,56.67
59,56.36
0,5.94
60,54.51
55,57.58
36,10.71
31,11.46
41,20.91
29,18.2
40,19.66
42,14.2
48,55.69
6,10.87
28,54.39
66,68.99
61,47.65
55,50.65
75,54.62
62,68.07
52,50.89
0,1.78
59,51.86
20,18.72
84,74.39
63,59.67
3,12.96
42,21.94
67,68.62
20,16.65
1,6.76
3,12.66
31,44.98
16,10.22
54,56.12
59,68.1
66,68.63
61,71.09
26,7.34
34,55.88
52,59.45
43,55.65
0,6.08
3,6.72
0,8.67
3,13.73
61,56.15
83,78.27
38,50.49
0,2.61
0,2.64
12,20.62
61,55.43
1,4.65
2,21.51
60,57.3
10,19.68
30,19.38
37,31.43
0,0.02
11,11.35
49,53.12
64,55.0
25,10.21
7,8.33
59,57.36
0,2.43
31,50.57
99,73.98
5,9.46
61,69.85
0,5.16
30,47.0
70,53.42
61,64.2
75,74.11
41,60.1
0,13.52
6,9.76
16,20.62
0,4.08
0,-0.3
40,13.25
40,9.99
56,57.9
45,56.23
66,65.42
7,9.12
88,80.51
68,45.03
5,3.8
57,54.39
10,13.84
0,3.76
2,12.14
43,43.15
1,8.46
36,52.2
5,11.79
0,0.59
59,50.72
45,54.01
66,61.16
0,2.72
15,13.63
0,5.24
24,6.33
57,54.2
50,54.69
0,11.11
0,1.41
0,10.37
57,56.38
60,59.0
62,60.92
57,16.47
0,-0.52
55,50.66
58,20.08
66,52.62
0,12.63
1,0.82
13,9.72
54,53.56
13,4.07
68,68.84
84,75.94
83,71.56
0,7.75
69,50.33
39,4.39
0,1.94
43,52.6
5,6.94
12,12.65
60,16.65
0,13.77
3,10.45
70,69.54
10,10.48
55,56.57
5,14.31
57,70.46
36,13.2
41,19.84
59,66.56
0,-0.06
37,43.01
51,50.88
0,9.16
15,17.86
53,57.17
0,18.81
50,49.2
67,66.81
50,51.82
27,17.23
58,55.98
0,12.11
20,10.13
0,3.59
29,48.83
5,21.83
68,83.58
0,19.71
0,1.19
0,1.27
64,47.91
73,58.17
42,49.41
47,51.04
62,55.35
13,12.75
37,44.59
18,16.79
64,50.47
17,14.63
64,68.24
0,8.2
37,32.11
67,58.9
30,45.22
3,17.03
0,3.45
21,11.01
40,45.01
0,9.13
0,4.92
0,11.09
32,16.58
2,15.17
50,54.47
57,53.64
62,61.61
74,67.97
16,28.31
0,0.56
69,64.91
47,47.8
1,2.72
39,54.6
37,27.21
34,47.38
72,68.25
54,54.39
0,10.66
0,12.9
31,16.91
63,49.0
9,13.1
43,57.64
41,48.72
83,86.61
31,41.95
23,16.18
38,46.89
63,62.09
67,54.55
46,27.15
78,67.71
52,57.76
53,56.59
71,70.62
53,52.27
46,49.63
67,49.83
0,-0.39
27,48.97
54,55.29
48,56.2
5,10.25
12,10.5
49,50.33
66,51.56
1,0.36
55,53.54
4,10.91
6,13.19
80,68.13
1,12.7
17,18.93
54,49.48
42,13.17
16,16.1
57,57.95
6,9.97
64,59.26
63,44.02
55,42.51
53,58.39
51,54.71
5,8.45
11,9.18
0,-0.11
28,7.11
46,48.3
34,48.69
57,61.21
0,6.31
69,55.99
76,59.59
61,69.9
4,8.02
7,9.13
68,68.0
0,10.13
64,58.72
49,61.51
1,13.49
36,22.84
29,33.15
44,47.26
51,49.36
29,12.42
61,52.98
46,51.52
42,50.31
0,10.26
0,-0.66
4,6.2
26,31.28
81,76.6
70,64.49
2,11.86
34,47.65
7,19.65
39,46.56
58,57.2
65,60.79
59,55.4
78,73.66
0,5.65
25,11.51
44,53.63
16,18.27
51,59.51
5,21.53
7,18.73
66,43.02
50,45.67
28,11.95
30,18.61
30,14.0
70,61.58
59,50.51
38,19.52
4,11.81
53,54.77
60,48.95
0,3.77
5,14.1
64,67.6
38,50.02
42,46.53
57,50.16
10,27.88
68,54.05
5,5.99
4,6.16
69,68.74
60,55.2
23,17.2
0,0.19
0,5.05
5,5.2
5,9.31
0,4.08
53,53.14
4,10.88
0,10.46
14,13.4
54,57.89
10,11.94
79,72.56
28,21.89
81,77.78
46,59.51
0,16.39
0,-0.61
52,55.91
0,-0.21
52,50.11
41,50.34
5,15.71
66,62.8
51,50.0
39,45.4
76,74.03
74,66.45
71,58.16
58,51.46
45,48.56
47,47.94
64,56.48
81,67.05
41,50.11
66,57.95
70,66.22
11,13.64
13,14.89
69,58.2
61,50.39
31,45.51
0,-0.18
20,19.32
72,68.65
43,54.56
51,52.8
6,16.94
0,19.21
44,24.97
41,53.11
16,15.75
4,14.83
41,46.25
0,8.59
0,11.24
30,21.33
4,15.59
1,10.96
51,49.82
48,49.82
76,25.82
11,12.33
69,72.11
24,12.52
50,52.54
69,50.19
13,12.78
0,-0.28
47,49.13
45,52.07
0,5.5
66,58.19
80,72.67
0,-0.4
48,51.17
19,6.96
54,54.94
0,5.4
70,52.93
0,0.29
0,2.49
28,24.18
65,52.72
2,12.81
56,59.26
40,46.34
62,49.35
44,53.94
7,9.59
0,7.39
0,10.99
76,68.97
29,54.2
56,67.08
64,52.15
15,10.98
39,54.49
30,9.27
0,2.48
45,47.9
0,1.04
12,11.37
6,10.05
10,8.97
45,46.3
0,1.17
73,57.46
60,24.71
56,58.16
57,54.13
55,44.48
79,72.56
0,0.09
5,10.37
61,53.33
0,-0.47
0,19.14
46,49.46
63,56.91
60,65.64
18,5.64
0,3.69
82,73.16
66,60.21
70,56.38
77,72.82
0,13.79
71,68.16
20,25.95
42,56.02
26,11.04
3,11.05
46,50.31
18,22.12
37,44.99
0,18.06
23,8.52
6,17.29
67,67.39
59,49.42
0,7.53
0,6.93
53,47.95
44,24.29
4,10.72
0,5.02
59,62.54
0,1.31
63,69.05
25,6.18
2,11.55
53,56.52
5,13.42
0,3.8
34,11.72
37,18.09
0,6.34
0,12.25
8,8.95
61,54.67
2,3.19
55,60.37
32,16.34
43,19.73
23,23.0
34,45.79
51,58.15
25,9.14
5,8.66
60,69.84
47,55.49
78,65.93
0,7.77
0,21.49
59,65.3
40,15.6
0,15.75
14,11.16
40,13.66
7,8.52
27,14.82
0,4.29
0,2.84
0,8.45
56,50.66
51,52.71
72,56.37
45,56.36
65,45.92
0,1.94
5,17.58
0,0.54
40,53.96
0,8.88
0,9.15
70,53.68
75,59.04
60,57.33
39,42.88
2,8.44
0,7.0
31,22.14
41,46.39
0,6.19
55,48.39
32,11.86
69,70.28
12,18.9
60,43.89
0,3.96
60,55.78
35,17.82
44,55.45
0,8.15
61,56.63
57,58.41
53,47.65
31,45.87
17,11.98
54,50.35
1,14.47
56,52.95
34,43.84
70,54.55
68,60.49
58,45.33
9,13.59
67,66.98
77,51.35
48,52.56
29,18.68
2,11.67
0,11.5
60,57.17
3,15.47
3,18.24
30,47.05
70,52.03
0,7.37
3,6.93
0,11.25
66,69.24
61,66.18
0,7.72
35,42.84
55,58.77
51,55.36
9,7.35
60,50.96
15,11.21
70,67.67
3,9.99
74,57.94
19,5.81
20,20.85
7,8.56
63,67.67
2,9.26
65,54.32
19,25.46
0,11.66
63,48.01
21,7.74
16,9.52
58,60.18
24,13.36
8,18.95
65,70.3
0,0.39
0,13.57
76,64.27
62,66.22
10,13.82
33,42.2
53,48.45
60,70.53
8,13.72
51,45.55
65,55.47
39,51.14
47,54.7
0,5.81
0,7.04
10,28.49
0,4.5
0,2.19
70,58.65
41,52.47
62,70.12
0,3.61
0,6.89
61,54.08
14,14.04
61,56.49
69,65.77
19,20.41
13,17.64
0,0.59
55,46.35
63,66.23
6,4.93
36,45.74
41,45.16
34,7.94
0,3.62
0,12.99
73,70.34
31,14.67
57,56.16
63,61.1
0,-0.41
58,50.9
70,68.03
71,50.82
0,1.53
0,0.68
1,16.15
1,0.33
5,11.75
1,10.27
17,14.94
54,55.05
78,75.3
60,56.53
0,-0.56
12,19.83
36,46.77
55,44.96
0,-1.0
0,0.05
66,68.89
0,0.61
71,72.57
15,15.6
45,50.65
71,66.73
0,19.31
51,45.52
51,58.09
17,14.36
39,44.94
0,1.62
64,66.6
4,6.98
26,55.14
0,1.69
22,8.92
70,53.55
1,6.09
33,50.05
41,56.33
0,3.74
26,25.73
49,54.61
54,52.06
70,69.37
56,66.45
86,70.35
36,31.02
74,68.2
50,59.72
54,51.53
67,68.24
0,5.62
74,71.03
30,35.16
19,12.78
0,15.45
9,9.85
0,8.65
71,55.68
8,10.19
38,52.73
10,20.09
27,9.65
39,48.45
0,8.9
58,52.04
0,5.1
0,5.28
45,45.2
20,15.14
17,7.28
2,8.08
0,7.87
0,21.11
63,68.06
24,22.06
19,10.23
0,-2.13
0,11.82
17,7.93
42,48.22
21,14.17
44,28.2
46,58.64
41,58.74
22,19.56
3,9.56
32,36.08
7,8.39
47,17.11
16,10.13
60,67.34
0,9.6
55,45.59
0,7.1
2,9.01
12,19.99
0,15.92
0,7.95
18,13.18
26,16.43
72,59.14
54,47.66
34,53.8
74,70.44
42,9.97
66,24.24
76,59.8
64,48.06
43,52.63
54,57.17
15,13.53
4,8.72
1,11.32
0,9.33
0,2.21
54,49.94
3,7.1
64,58.89
70,55.33
53,31.8
0,5.03
0,0.58
41,43.47
64,70.33
60,61.47
0,-0.66
0,2.11
53,54.9
70,69.29
30,9.97
6,8.14
16,17.82
71,68.5
0,7.89
64,49.35
54,54.36
2,9.87
41,47.32
50,58.08
55,49.03
68,71.09
0,9.17
7,14.41
0,11.04
0,5.38
40,7.42
49,56.4
61,57.68
70,74.77
9,29.64
30,21.45
61,62.61
0,5.16
31,29.14
60,59.08
0,7.17
65,56.16
65,72.22
58,53.55
50,44.96
81,77.94
52,53.71
37,45.52
11,14.69
9,10.69
52,49.52
45,57.48
50,9.76
22,13.59
9,16.73
31,20.43
62,56.12
10,10.03
45,45.25
35,49.54
48,38.42
50,54.04
60,52.06
4,10.91
0,2.48
11,11.07
0,0.38
32,26.79
39,23.85
52,13.05
52,41.6
12,10.78
0,10.04
60,73.84
14,15.62
56,69.19
78,71.51
46,15.29
13,14.33
0,2.61
0,6.18
6,10.86
0,16.96
51,59.99
75,60.63
10,25.58
51,46.74
0,12.37
53,46.51
76,53.94
7,12.83
31,43.11
63,69.5
7,16.11
53,46.76
68,58.25
0,3.85
18,7.27
55,46.27
63,53.99
63,70.19
69,61.95
26,12.73
51,51.85
46,55.85
16,7.8
32,9.8
62,55.06
10,20.05
2,7.99
0,7.96
74,72.35
69,44.57
19,17.06
52,52.16
60,65.99
54,52.34
54,61.99
18,10.07
22,9.05
17,12.68
35,44.16
88,70.72
52,46.6
56,49.6
63,66.74
0,3.86
62,62.24
64,68.14
45,44.12
59,59.41
49,55.99
66,68.88
44,55.09
74,57.75
14,11.39
28,50.3
47,57.46
55,45.47
38,43.14
4,19.53
20,17.34
63,67.89
5,11.59
12,10.36
64,48.9
71,70.07
30,42.71
41,48.72
49,47.77
0,2.29
65,64.58
42,44.23
1,1.9
0,-0.34
25,17.2
42,51.44
58,53.72
1,1.49
67,58.87
74,48.4
15,15.05
71,70.88
0,1.3
78,70.98
26,13.95
1,4.68
48,53.47
0,11.17
46,53.9
1,12.95
0,10.36
14,12.86
17,6.02
60,57.63
0,8.11
69,50.79
37,16.95
67,56.25
81,67.16
69,59.15
0,-0.78
35,15.55
0,1.66
51,51.08
7,14.35
62,61.92
74,68.09
0,12.22
10,12.76
72,68.58
48,55.13
37,17.64
54,58.82
0,2.6
63,57.44
38,48.88
0,0.07
15,18.69
3,10.54
60,44.57
55,54.01
52,46.96
0,8.06
0,13.6
13,15.35
17,22.26
21,8.52
57,56.63
13,16.66
3,7.36
68,56.36
7,5.55
55,60.87
0,-0.29
36,22.18
0,0.44
58,12.22
0,-0.08
65,57.85
0,0.38
49,51.81
69,61.7
60,36.03
17,13.86
0,7.9
68,72.71
0,1.56
56,47.8
8,15.79
0,7.88
0,4.13
0,2.27
72,59.56
0,-1.4
18,13.67
51,56.13
14,16.33
60,61.37
1,12.02
41,48.63
62,59.3
71,58.52
49,58.12
38,25.57
38,52.33
0,10.13
54,12.95
38,13.46
41,50.85
35,10.42
3,7.54
49,53.23
0,9.05
0,4.43
0,0.12
2,8.18
10,14.37
61,60.46
41,53.96
63,66.05
5,8.11
66,56.89
0,3.16
55,50.72
39,25.34
87,77.18
0,8.22
5,10.13
54,56.44
1,1.62
45,56.19
55,63.1
13,12.49
56,49.12
66,54.01
47,32.22
76,70.3
69,57.95
60,55.67
2,13.28
58,55.46
80,64.32
77,51.04
35,44.24
18,8.97
65,67.23
20,15.33
76,67.79
31,15.96
0,10.85
27,32.64
40,12.83
0,11.75
18,17.08
0,1.82
44,48.99
0,2.77
2,14.02
0,10.6
15,14.52
60,67.43
1,2.55
27,25.56
24,15.7
71,67.33
60,67.44
70,54.2
61,60.45
65,67.04
6,10.56
0,5.01
66,69.42
59,55.42
59,66.37
1,7.39
0,8.29
25,14.59
33,28.58
67,56.65
53,55.32
55,52.62
53,59.48
36,25.56
57,51.86
47,49.24
74,73.02
9,15.51
74,73.22
46,51.99
73,66.05
55,55.71
59,67.41
58,58.84
60,71.85
0,12.88
61,9.38
55,53.01
68,73.12
69,71.09
72,69.25
28,20.44
56,68.02
70,58.72
0,11.58
61,50.54
65,68.17
7,15.68
40,25.17
60,53.86
50,51.59
68,68.77
0,2.51
0,12.63
77,49.38
34,44.21
32,43.79
66,68.77
0,11.0
54,60.22
79,72.03
70,71.32
3,6.17
1,4.1
76,73.76
47,55.03
54,46.7
70,70.73
0,10.73
30,13.48
67,53.54
30,15.45
19,17.47
71,70.7
30,22.72
58,61.19
52,61.11
19,12.56
67,70.81
0,4.3
71,74.06
0,5.14
48,48.47
53,47.81
67,49.74
64,53.83
54,59.66
61,51.56
34,34.1
27,21.56
53,53.18
8,5.54
0,0.58
0,8.21
49,56.09
0,3.11
4,21.12
5,15.29
74,75.87
0,7.28
3,9.24
5,8.4
0,0.06
57,56.94
45,48.43
0,6.81
0,2.33
23,10.38
5,12.69
63,67.87
7,11.42
62,69.69
37,52.3
47,27.8
20,14.71
9,15.73
28,19.9
69,50.98
10,18.5
18,16.64
0,4.67
65,53.98
67,70.05
18,13.5
51,62.81
63,67.0
0,9.71
36,12.69
49,48.4
22,15.52
7,8.01
70,72.31
32,44.13
6,2.93
50,47.32
66,60.6
47,52.05
31,48.21
50,59.13
0,2.91
67,52.44
35,49.02
40,47.34
25,11.98
32,14.41
16,21.11
0,4.15
26,49.27
21,11.01
0,-0.24
7,11.22
61,49.37
44,50.66
44,30.86
54,52.16
0,1.58
0,8.84
67,50.63
0,12.0
48,47.41
33,18.0
56,48.17
38,26.43
38,44.84
70,68.99
48,57.01
64,66.08
71,57.23
6,8.41
26,47.81
32,18.71
9,16.23
60,62.82
71,80.72
26,45.1
57,51.52
15,7.94
78,73.59
47,47.87
4,8.41
0,-0.12
36,47.04
0,5.84
16,11.14
9,11.21
24,23.04
0,2.74
9,7.84
50,53.24
49,57.41
8,14.05
54,51.99
66,68.92
55,57.07
38,48.99
30,28.29
62,53.28
0,6.72
75,72.21
41,47.14
0,6.34
0,10.34
0,3.52
37,47.96
0,8.55
32,41.06
0,-0.38
72,59.48
9,22.77
19,16.18
74,53.24
0,8.68
79,67.15
51,55.2
5,13.88
48,42.58
51,51.05
56,56.4
64,72.11
6,5.89
4,15.62
3,10.13
48,53.08
0,9.4
75,65.1
67,50.7
59,51.87
66,52.31
54,44.27
61,61.38
64,67.71
18,14.1
71,72.26
12,11.91
58,44.98
53,52.84
2,14.2
61,55.43
58,44.67
6,5.27
50,45.84
10,12.13
55,57.79
0,4.66
7,18.18
20,15.95
16,13.22
1,3.46
65,66.17
0,-2.07
0,5.54
1,10.96
32,19.31
57,46.51
57,58.27
66,66.69
2,7.25
59,55.54
0,-0.9
0,4.09
55,49.96
3,19.79
61,52.66
49,50.06
0,0.75
0,0.23
57,61.59
48,46.74
35,48.91
47,52.88
44,40.15
63,73.12
65,62.04
1,14.23
3,11.86
40,55.38
43,21.63
19,15.09
2,8.85
42,47.27
14,11.29
0,8.13
35,42.31
15,19.03
0,12.29
8,15.34
0,7.41
28,43.87
26,17.68
43,46.04
52,48.99
15,20.14
9,24.44
45,56.32
5,11.77
2,11.09
57,60.86
46,51.77
32,16.47
45,53.02
33,50.47
0,7.85
50,52.76
44,31.69
72,72.64
41,55.51
65,67.9
67,62.08
0,4.53
14,19.52
15,10.95
66,48.59
0,6.38
34,52.8
47,50.3
11,20.4
60,54.93
0,8.04
63,59.92
46,54.03
66,48.59
0,1.27
5,14.15
0,3.55
56,45.72
7,8.97
59,56.78
12,22.27
71,70.57
58,47.58
0,8.99
57,25.66
54,50.62
0,1.95
0,-0.33
40,13.84
71,62.67
44,49.91
50,42.83
48,58.04
57,59.15
81,66.72
0,-0.31
45,47.79
0,11.63
14,8.35
37,46.32
71,67.28
1,4.31
56,57.76
59,57.2
52,53.85
63,56.73
55,54.72
2,16.51
0,10.74
0,4.22
0,9.07
77,68.96
34,10.89
69,67.42
0,2.91
42,52.74
77,69.54
64,68.39
38,53.76
0,10.15
67,55.51
48,59.33
11,12.17
73,55.69
3,9.85
60,54.99
63,69.61
45,47.74
18,15.34
5,21.4
68,72.04
59,53.61
0,2.45
33,15.35
0,20.04
48,51.2
59,68.56
77,68.32
37,46.01
0,1.39
32,23.68
0,10.45
1,6.8
4,9.54
3,11.9
23,16.44
2,5.27
13,14.38
33,22.81
32,24.38
68,69.33
8,33.98
49,48.54
2,1.55
41,49.73
0,-0.2
13,16.22
61,50.16
6,9.11
0,4.73
0,7.57
53,52.73
52,54.84
64,74.53
8,12.4
0,10.84
24,22.07
0,10.02
15,15.97
35,46.36
11,11.49
64,68.33
0,10.93
65,57.68
82,83.65
75,51.57
43,8.21
61,48.97
9,10.95
55,46.2
0,-0.11
57,52.45
15,14.87
8,9.0
10,23.57
44,49.04
2,7.14
57,68.53
61,62.03
14,15.18
48,50.3
62,52.92
55,57.52
0,9.29
50,50.63
14,17.89
57,51.41
0,-0.54
0,12.68
0,0.13
77,54.46
56,54.15
59,51.27
0,-1.04
27,49.29
36,46.01
60,51.78
63,60.16
59,24.06
41,53.43
54,45.42
0,6.29
13,20.04
38,31.69
67,66.53
61,51.3
0,8.6
41,49.24
64,53.57
59,49.73
28,16.27
0,6.94
26,33.77
46,56.91
9,10.18
17,14.54
40,50.17
9,12.39
76,74.14
60,55.16
12,10.59
70,55.1
2,7.69
0,7.84
51,13.01
78,62.23
0,-0.85
44,56.19
45,48.12
77,73.48
51,54.68
4,11.37
7,8.3
0,0.03
0,4.26
40,43.37
59,67.68
49,55.73
60,62.37
62,71.07
1,1.67
28,10.73
0,9.58
69,69.41
80,73.32
0,8.8
0,-0.2
64,68.88
60,61.75
71,62.19
27,28.06
68,46.36
11,3.98
26,25.05
61,57.53
66,57.58
11,8.6
59,56.52
53,51.94
1,10.21
36,50.82
7,16.76
17,9.2
44,44.2
24,14.69
80,69.51
62,52.98
75,55.83
16,11.33
95,77.75
54,56.72
13,11.41
1,6.24
40,52.41
1,12.29
79,59.66
40,46.75
65,55.96
30,11.32
0,0.95
13,10.27
0,11.87
0,8.31
39,51.3
74,63.43
60,58.83
31,45.92
77,69.31
2,11.39
49,56.39
3,14.29
78,70.91
70,51.79
46,56.34
75,70.18
41,48.05
34,52.42
10,7.11
62,51.95
76,70.23
54,47.38
0,-0.42
8,13.96
0,0.72
0,8.58
71,68.59
23,12.56
0,8.29
22,58.27
19,16.95
55,55.61
0,0.23
70,54.87
1,0.98
7,9.19
44,54.36
6,6.63
59,55.47
35,22.46
5,13.52
0,3.44
4,9.37
66,69.8
41,30.21
1,7.17
76,67.42
1,8.61
54,55.21
5,10.01
4,10.17
0,6.28
24,25.15
39,49.48
72,59.05
0,8.27
43,52.71
25,13.24
11,3.24
66,54.08
55,45.8
68,69.15
9,12.5
0,5.69
69,57.16
0,6.46
26,25.5
56,53.46
4,5.83
45,57.31
53,56.3
57,17.66
54,48.91
0,0.28
0,5.35
7,7.16
0,11.01
44,49.07
46,46.81
51,46.17
50,48.5
47,32.59
18,26.97
0,3.07
0,1.01
6,10.79
19,20.7
79,70.91
74,48.37
0,6.03
46,55.46
43,50.67
0,-0.15
10,20.68
6,9.69
63,70.84
0,14.19
69,52.31
65,69.25
0,1.37
69,73.81
0,11.84
65,70.42
5,12.3
63,48.37
39,43.49
1,6.9
62,57.82
41,16.28
13,13.13
3,4.84
0,6.69
31,44.95
71,54.79
0,0.48
51,47.55
71,70.28
73,57.17
34,8.5
37,46.8
67,58.54
0,9.85
0,4.42
27,45.58
75,67.65
75,73.2
60,61.55
0,7.78
9,14.17
0,3.35
52,57.66
53,55.23
0,6.15
57,54.31
50,52.91
23,24.32
48,16.06
2,4.88
39,56.5
41,53.73
40,47.05
3,11.17
0,3.84
50,47.54
0,8.35
58,50.87
62,68.7
26,25.11
8,16.05
54,49.78
31,11.0
81,48.24
63,55.25
57,46.03
14,19.87
62,69.34
44,43.58
5,18.34
16,15.43
14,15.88
65,56.29
67,48.28
19,11.02
46,50.86
36,21.0
6,14.68
55,57.0
0,4.93
57,60.85
58,23.1
7,16.7
48,51.25
77,67.5
69,69.84
44,53.59
0,8.09
83,71.67
57,49.95
0,4.95
81,69.4
59,57.9
13,18.14
46,53.38
0,26.33
0,14.81
0,5.43
0,5.92
50,49.59
0,5.98
63,70.31
61,60.7
61,47.54
0,2.09
6,9.89
5,8.42
32,45.49
67,68.53
15,18.37
1,5.83
61,57.76
69,44.68
13,14.72
65,68.43
66,53.64
65,71.84
64,52.89
3,6.9
34,13.78
18,12.85
2,13.38
0,21.15
68,56.92
6,11.07
71,59.53
0,21.72
0,-0.57
60,57.63
70,61.42
44,14.77
0,7.09
51,53.29
6,10.46
14,9.32
68,74.51
37,50.4
51,54.3
0,4.27
53,55.86
39,51.69
36,48.07
53,47.19
56,53.49
49,49.33
5,11.19
0,-0.23
62,48.36
57,56.5
0,0.7
0,8.38
0,9.68
65,46.85
17,15.75
39,47.34
1,2.59
17,5.32
21,22.72
12,11.81
0,0.53
0,-0.93
48,20.11
28,16.2
14,10.62
30,24.05
40,46.42
15,15.35
53,47.85
15,10.15
50,51.74
68,67.21
9,13.21
73,76.57
0,1.4
72,68.98
41,46.81
86,70.07
0,8.54
53,50.58
14,6.35
0,0.07
44,48.31
48,53.96
0,9.85
8,7.72
55,50.03
46,46.59
6,3.2
68,52.75
75,70.18
54,60.27
35,12.63
42,51.52
69,66.23
71,59.03
42,50.72
0,3.18
52,57.2
0,-0.64
28,18.96
0,7.64
0,10.66
39,42.45
19,16.46
0,9.72
2,21.16
52,60.72
0,8.6
31,36.09
57,70.32
2,5.21
64,59.28
61,70.12
68,69.72
42,50.91
0,12.46
10,7.45
15,14.49
34,45.05
3,7.53
3,13.13
0,4.18
6,17.55
52,51.17
8,6.62
48,58.96
0,9.47
8,12.8
62,53.72
3,15.42
54,49.92
0,1.17
33,16.86
52,32.61
43,52.88
82,71.1
3,8.52
8,14.03
63,56.66
0,2.73
49,52.63
57,26.03
63,55.22
10,5.84
67,55.33
44,46.95
39,10.67
69,54.1
9,18.43
1,15.66
66,58.01
0,9.77
4,13.39
59,74.92
68,53.49
61,49.68
42,49.26
6,5.91
0,1.21
77,69.74
69,71.36
63,67.21
57,57.11
0,12.09
0,5.77
65,44.31
1,0.83
67,49.16
8,9.22
67,49.74
27,18.69
0,5.68
78,67.21
13,7.13
70,69.75
50,57.26
0,0.55
21,33.74
3,4.67
0,-0.29
13,20.43
42,9.25
38,54.24
49,51.27
73,77.51
7,11.57
52,58.66
27,24.04
47,45.73
58,54.03
76,51.22
53,57.24
0,8.69
48,53.07
0,4.13
60,64.95
0,8.51
45,35.12
54,47.16
51,47.68
14,13.86
0,2.07
0,-0.28
11,13.63
72,48.35
54,52.01
56,50.11
11,7.53
68,56.89
41,44.49
61,59.71
16,7.0
53,59.89
59,56.94
65,60.07
65,62.23
44,45.14
59,59.52
60,61.83
59,46.79
7,6.68
10,13.41
5,5.63
56,55.81
53,50.18
40,56.97
37,19.37
0,-0.73
75,63.29
58,67.69
0,8.35
0,2.1
66,68.26
66,54.59
6,14.18
0,-0.03
71,67.53
53,53.35
18,17.8
40,42.28
17,11.82
20,9.4
58,54.07
32,47.24
0,0.75
0,2.71
0,15.29
34,31.21
0,12.92
58,48.85
37,54.01
55,54.62
61,71.96
48,50.59
51,47.5
43,52.97
14,32.45
25,8.93
48,48.69
66,61.06
47,52.56
61,48.86
64,70.41
48,50.48
43,47.3
0,5.89
65,57.09
62,65.54
60,54.07
51,62.05
65,67.05
0,7.26
57,56.57
0,0.07
44,28.49
70,67.78
0,16.86
51,49.93
56,49.78
25,44.88
55,52.35
2,1.16
49,55.38
21,9.56
66,68.83
71,73.38
29,45.07
1,5.35
28,39.49
0,5.14
20,22.33
54,51.45
75,75.07
35,16.03
17,18.48
43,55.16
0,11.08
17,20.69
76,67.79
1,0.88
53,56.24
25,20.7
5,13.19
33,14.9
0,8.85
47,57.14
0,5.99
16,10.02
8,18.72
21,7.06
89,71.01
63,67.22
5,11.91
70,57.43
53,52.16
37,54.2
1,10.36
45,53.21
0,2.23
55,56.27
51,50.81
72,58.65
0,7.13
0,12.7
61,57.85
0,3.35
34,21.06
71,70.76
73,49.72
67,67.17
46,48.64
68,57.36
0,4.89
5,9.01
59,55.55
35,47.52
18,15.58
1,9.91
39,28.06
0,9.44
58,56.26
35,45.3
0,10.73
0,6.61
17,16.1
0,4.18
10,12.64
20,19.2
7,7.54
1,9.41
13,14.57
47,56.17
63,51.94
71,64.47
58,60.1
2,6.49
16,11.59
68,57.32
10,14.86
50,47.85
52,24.53
65,56.51
64,72.1
56,55.41
65,67.97
10,3.7
11,15.14
70,63.43
0,8.5
57,60.97
0,12.49
8,14.49
4,16.6
0,10.77
62,69.29
47,48.73
49,55.81
44,58.15
30,35.11
23,10.55
0,2.28
66,70.24
1,1.87
0,9.68
0,8.12
0,4.76
70,74.9
1,24.17
28,10.79
22,12.48
35,20.74
7,14.33
64,68.26
49,59.72
0,6.79
22,17.87
77,49.68
0,7.45
21,18.85
0,7.94
18,13.46
40,10.58
8,15.68
3,16.09
48,54.15
52,12.77
60,57.89
0,8.38
15,10.83
45,47.52
0,-0.33
9,12.83
0,8.51
13,13.31
63,67.85
14,28.62
7,16.66
42,49.17
64,67.74
1,4.32
25,9.68
8,12.79
49,52.31
81,74.03
52,49.97
50,48.22
68,71.15
42,47.78
3,5.43
48,57.73
0,0.38
46,55.67
66,59.24
65,69.06
56,52.61
48,49.2
58,49.04
4,5.51
0,8.47
0,7.37
0,1.71
0,0.03
85,80.72
39,37.1
4,10.12
0,1.02
10,12.0
0,0.85
40,43.0
14,9.39
65,64.48
13,18.13
58,58.88
47,13.99
0,20.04
0,16.51
53,54.35
0,5.05
61,68.56
43,46.42
0,4.43
59,44.75
70,68.53
8,7.03
43,45.69
3,8.7
70,70.56
6,8.25
0,3.75
4,8.68
3,15.59
53,58.41
32,8.4
0,6.3
77,67.96
55,46.21
68,69.58
15,17.37
60,69.96
0,14.33
46,52.38
12,11.04
41,46.03
74,75.47
68,71.82
5,7.22
0,0.53
3,5.03
70,70.67
33,12.01
66,68.1
9,11.37
78,71.25
73,69.99
62,67.49
1,16.53
59,70.91
59,62.76
52,35.34
49,53.65
31,19.66
49,56.58
69,55.54
78,70.07
30,22.18
43,60.46
47,55.85
0,1.51
26,20.42
74,71.45
38,51.92
38,12.95
4,17.35
20,10.5
26,17.33
79,59.51
50,51.49
57,51.74
48,44.1
50,51.22
0,16.04
58,62.21
3,14.17
5,12.21
2,16.25
0,6.88
63,63.68
0,8.77
12,8.72
48,50.66
0,9.03
73,69.11
41,47.73
41,45.41
52,47.96
0,5.81
67,69.6
0,5.19
19,12.61
0,9.81
63,72.22
40,52.03
1,11.31
60,53.55
59,63.92
42,47.19
4,13.28
0,0.35
69,55.72
28,7.07
40,55.02
4,9.13
66,50.35
44,35.26
0,7.32
0,0.7
44,50.8
55,15.61
69,73.41
56,48.44
0,13.69
65,53.79
46,48.03
72,47.4
49,56.16
73,66.33
36,10.08
71,58.76
72,59.34
9,15.09
11,19.12
8,7.98
0,19.64
46,43.35
0,4.74
62,58.25
83,78.05
24,24.48
76,69.45
5,9.96
58,52.88
4,10.96
62,58.35
0,-1.15
0,0.51
78,70.25
53,13.01
0,1.06
25,10.21
67,53.94
66,59.58
1,13.34
76,60.46
47,50.97
15,17.76
6,14.8
43,48.56
82,54.43
46,20.57
0,10.36
42,47.05
55,46.05
58,53.53
0,1.45
31,13.5
44,49.88
55,55.77
0,3.83
72,70.91
17,12.04
57,37.51
17,20.72
67,52.37
58,47.29
0,8.85
73,76.03
63,68.62
7,11.45
3,19.72
54,53.25
14,9.33
76,65.86
0,11.98
38,14.13
70,64.9
10,10.65
71,64.48
42,43.89
1,16.7
71,71.55
0,2.15
58,57.49
88,74.39
55,55.48
42,49.37
3,5.13
77,55.59
64,69.5
0,3.48
46,52.17
65,68.11
3,14.95
16,13.75
33,32.43
64,66.65
76,53.68
0,0.52
54,57.64
48,54.53
21,14.01
65,55.0
57,69.71
53,49.62
0,6.69
0,14.45
46,49.1
0,1.52
43,23.37
32,47.98
0,6.34
42,52.37
53,47.9
7,6.5
0,17.31
55,68.31
61,69.62
66,59.94
63,70.98
54,13.38
24,10.86
0,6.12
5,15.21
0,14.92
41,39.96
15,11.43
35,47.22
31,24.24
44,20.35
61,54.2
64,57.66
63,54.98
79,64.56
10,18.43
47,56.5
0,7.36
62,45.59
0,6.14
38,47.1
75,68.47
0,14.83
39,53.46
22,13.28
16,17.87
14,12.53
0,6.19
40,52.6
20,11.97
0,10.9
0,5.37
73,55.77
6,11.47
72,70.9
2,15.96
73,63.87
55,56.59
68,60.25
66,52.96
0,9.08
33,28.85
0,5.33
58,47.61
2,12.11
61,47.66
9,13.42
59,65.56
47,46.13
47,45.95
0,0.99
52,48.3
10,12.45
57,60.54
52,55.02
61,27.33
71,61.27
0,9.1
0,9.53
10,17.64
49,59.95
52,44.38
41,51.6
47,31.11
0,11.35
0,3.88
76,58.32
63,52.81
48,46.03
51,57.36
39,44.65
64,58.75
2,5.43
59,55.94
57,57.07
3,17.53
50,44.31
27,20.6
32,20.49
6,7.66
71,63.68
0,4.57
29,11.34
28,16.33
6,19.29
16,18.26
59,53.06
48,58.2
0,-0.6
34,8.75
0,8.76
46,48.05
50,47.74
0,9.36
51,51.66
60,52.17
0,3.75
0,3.65
41,20.13
5,12.55
2,11.56
42,53.98
37,9.65
0,0.57
0,17.18
2,10.59
69,56.1
88,70.05
0,7.47
72,47.18
11,9.75
57,66.91
0,29.44
54,52.12
30,27.39
36,46.44
13,9.75
0,7.87
10,16.9
33,48.6
60,58.21
49,60.14
80,69.34
2,7.88
15,10.87
48,27.88
1,8.61
20,14.59
62,71.34
39,50.0
0,1.62
47,46.89
6,9.12
65,57.55
0,11.21
33,26.3
51,58.64
78,73.31
0,8.21
74,70.01
0,0.03
0,6.44
20,14.63
64,8.58
9,5.56
0,6.9
60,73.62
48,59.48
42,46.99
5,21.09
66,68.23
39,51.23
3,12.79
26,10.19
49,57.62
5,6.14
36,14.25
24,6.45
63,70.68
42,15.35
60,50.2
4,9.03
63,65.08
0,7.57
83,79.29
63,49.61
0,9.42
50,51.93
48,52.7
38,15.98
3,21.33
55,58.24
7,17.5
49,47.54
53,50.57
42,51.33
62,65.72
54,57.27
45,16.29
61,59.12
58,48.45
34,8.17
13,11.29
0,10.43
0,4.01
0,8.07
5,16.1
0,27.79
59,50.28
72,68.06
15,16.23
0,4.27
59,49.69
33,42.82
0,-0.49
20,14.37
17,5.6
42,50.39
6,19.09
0,3.13
3,11.2
62,53.58
0,7.76
70,52.06
24,13.67
23,20.77
56,48.58
60,56.52
0,-0.51
50,54.39
20,9.12
4,9.63
69,50.72
0,0.04
32,43.71
9,11.2
47,48.73
16,13.88
68,60.44
11,11.48
70,58.82
48,57.56
53,53.65
82,66.25
34,22.83
58,54.8
45,51.6
9,9.33
87,68.68
49,49.45
1,5.09
63,58.71
0,10.21
7,23.2
0,4.81
6,9.36
59,68.6
0,10.56
61,53.52
1,11.2
45,47.01
51,10.72
66,70.77
9,10.86
0,12.76
0,4.46
0,0.94
0,1.27
54,66.8
45,59.28
18,18.16
65,70.48
0,1.56
0,11.22
0,5.84
19,13.68
0,10.17
61,70.34
13,13.09
49,46.2
63,55.95
81,74.57
60,67.78
9,8.55
53,47.91
24,47.03
64,55.46
59,55.9
0,7.53
63,60.14
53,50.3
61,65.73
75,68.91
0,11.75
0,-0.51
73,71.96
69,69.88
64,55.34
4,9.02
49,52.48
64,55.24
54,50.34
15,8.71
63,54.15
79,70.33
1,7.1
47,57.94
24,8.2
0,0.62
9,7.12
20,3.52
20,17.8
12,10.35
30,24.89
39,46.73
0,8.64
55,58.74
33,40.74
14,16.23
51,11.21
0,0.49
77,70.44
57,56.29
74,67.29
5,7.83
29,45.73
14,9.53
53,50.44
50,60.0
56,60.92
63,47.79
44,48.5
0,5.89
18,4.3
6,7.47
32,14.66
0,-0.3
75,69.37
52,45.26
22,21.83
51,44.85
42,20.31
82,66.87
6,18.66
0,5.94
0,10.08
42,50.35
9,12.28
25,30.15
60,55.72
0,12.38
74,68.35
1,3.62
0,8.68
40,47.53
4,9.91
79,60.01
76,57.65
4,14.46
62,67.89
83,69.75
50,53.04
37,46.14
40,44.11
84,69.0
6,12.57
61,49.83
48,49.07
0,-0.9
67,76.45
45,53.85
43,47.23
56,53.91
61,49.15
8,7.97
78,62.41
0,0.84
34,48.83
54,53.91
74,68.26
55,59.43
32,23.6
0,5.04
8,6.96
52,52.88
64,49.75
47,54.49
63,65.74
0,11.94
0,9.87
52,46.02
0,-0.11
7,10.21
61,74.2
55,55.79
0,15.24
13,12.66
0,9.78
0,1.84
68,50.08
78,76.61
52,46.53
14,11.58
73,66.83
67,56.99
64,48.2
15,14.6
70,70.86
53,58.3
26,45.15
17,15.48
52,48.35
72,52.81
40,46.4
0,7.15
8,8.68
3,15.03
2,7.08
0,-0.06
53,54.98
0,3.18
3,7.74
1,12.81
54,50.79
32,22.86
15,13.33
65,52.04
30,27.82
25,9.48
54,59.46
58,58.81
75,76.45
56,49.01
81,55.8
44,54.99
1,7.46
35,41.96
4,17.16
81,76.84
13,15.82
1,5.34
0,1.68
0,6.82
41,46.21
52,42.75
5,10.32
4,11.46
16,10.3
34,50.2
66,73.86
64,59.2
0,0.27
28,13.93
40,54.9
43,51.42
57,48.33
67,65.2
5,12.6
44,52.14
51,55.97
73,69.15
15,18.76
16,25.0
0,22.38
59,68.13
11,16.76
23,32.49
54,52.09
6,13.73
12,13.43
72,58.46
29,17.91
10,7.12
66,67.08
56,55.63
77,51.79
47,56.47
11,11.82
0,6.88
0,1.57
73,62.18
0,7.45
36,47.91
2,12.47
33,17.88
64,54.89
55,51.75
2,29.44
30,16.32
59,53.43
51,54.52
25,14.85
57,51.14
10,23.05
23,13.42
15,20.13
63,59.94
54,52.53
60,68.86
17,5.23
12,17.48
59,71.74
18,4.26
0,9.98
0,4.39
31,10.22
2,8.44
55,55.06
0,8.68
69,58.23
39,49.5
37,53.07
61,62.57
65,68.43
6,9.04
81,69.68
30,11.29
45,46.44
5,9.48
3,21.11
69,69.94
64,70.64
53,54.74
14,3.95
63,57.74
0,8.38
58,55.28
0,2.1
81,72.88
75,46.03
44,48.54
57,51.63
57,53.38
4,19.88
62,68.42
0,1.32
0,17.33
0,9.11
40,53.46
37,13.43
26,12.21
17,13.92
4,18.98
12,15.0
41,56.27
8,2.8
34,15.83
48,31.09
6,11.19
51,58.6
47,47.66
54,58.27
17,21.35
42,46.84
61,68.6
54,48.77
60,51.71
46,50.1
0,12.24
23,25.0
55,63.47
54,53.8
76,74.49
9,17.92
60,58.7
0,0.69
18,13.33
64,67.8
28,25.43
57,47.78
62,48.38
5,13.02
26,11.58
37,5.48
67,55.0
50,54.67
71,51.57
78,70.09
58,55.52
51,57.81
40,18.9
7,14.64
0,8.87
60,58.26
66,62.61
27,53.13
78,75.26
53,57.29
18,23.76
49,45.93
41,15.26
66,65.05
5,12.43
62,47.4
0,12.08
35,12.96
33,19.18
3,7.97
61,50.44
34,47.22
57,46.74
0,8.31
48,54.17
0,1.33
66,75.1
60,67.55
50,53.87
79,70.66
86,65.34
0,4.94
3,6.71
0,5.33
46,21.64
30,9.08
77,58.07
55,63.28
51,48.4
45,55.47
0,8.99
43,44.66
0,4.8
66,66.59
69,68.31
28,49.49
7,6.12
22,22.97
33,20.26
7,13.52
6,15.61
31,23.3
46,47.15
25,20.02
15,10.51
51,20.14
0,5.41
20,10.0
19,13.19
71,70.3
30,48.72
0,10.66
35,47.13
32,47.05
0,10.0
0,12.78
9,16.89
68,76.04
0,3.59
48,51.31
4,12.19
70,71.52
39,55.58
21,18.4
40,18.34
0,-0.58
5,11.04
72,30.59
9,12.77
48,57.64
50,58.49
8,10.62
65,68.68
56,53.9
69,61.73
28,23.1
0,0.2
42,48.72
31,19.56
30,60.45
30,16.45
0,-0.74
39,45.0
0,7.49
83,67.55
37,43.38
12,5.29
75,67.07
0,0.21
2,6.58
15,8.97
57,59.97
37,25.75
0,14.84
0,-0.39
50,52.04
59,62.59
66,69.33
8,12.44
22,5.58
0,11.8
47,42.37
4,10.92
31,42.65
73,55.95
29,23.5
0,7.39
0,2.1
5,8.14
75,60.12
61,57.27
10,6.72
25,14.42
46,53.49
44,50.26
50,42.16
0,17.13
64,62.96
4,11.88
0,3.49
0,4.36
73,67.41
63,69.48
0,2.76
0,5.32
63,56.76
57,68.56
24,7.72
68,56.34
75,54.1
60,58.24
63,62.64
0,0.62
59,51.9
0,2.72
31,18.38
44,47.1
2,11.74
0,9.36
3,11.76
59,54.79
0,0.95
66,61.49
0,1.21
5,7.02
76,76.82
61,59.29
56,44.22
25,18.49
50,53.25
0,5.8
21,5.77
16,10.87
22,8.02
65,67.76
8,10.58
24,18.65
72,68.41
64,48.02
13,18.82
6,12.3
54,58.64
47,49.32
0,5.06
67,46.37
56,54.8
70,62.27
0,1.83
33,33.45
58,52.21
17,16.66
63,55.51
0,15.95
44,52.97
0,4.85
50,21.56
67,27.32
47,50.68
33,28.61
57,48.89
52,54.57
48,47.2
44,53.15
15,13.63
42,20.3
57,67.02
62,47.05
33,10.08
49,49.47
0,10.1
14,11.47
55,62.55
39,49.22
60,52.68
61,62.49
23,44.67
73,65.98
60,67.66
29,7.99
36,9.55
32,11.69
65,56.05
1,15.37
11,16.56
0,13.8
42,47.17
0,1.18
44,53.35
39,29.89
62,55.04
42,53.16
59,68.94
57,63.67
0,9.38
34,34.12
37,5.49
35,51.92
65,68.44
42,57.92
31,23.26
69,68.89
8,11.7
2,14.43
6,8.48
52,23.94
33,47.18
13,14.18
0,2.39
59,60.28
49,55.7
0,0.62
62,70.97
0,4.98
49,50.99
0,-1.97
53,51.53
3,6.45
3,13.09
1,11.55
79,69.04
76,71.02
55,56.68
23,12.9
29,19.81
63,61.79
49,55.42
14,9.1
22,16.31
74,70.48
56,58.37
62,58.62
44,65.59
13,23.17
29,28.66
18,6.78
41,54.55
11,6.72
10,12.39
15,22.39
54,49.15
47,54.01
6,22.04
54,56.66
16,10.23
3,10.88
65,68.47
14,8.68
41,53.46
0,6.34
65,69.79
48,52.8
3,17.29
58,52.67
75,74.56
46,53.02
64,53.29
61,49.49
37,22.14
0,0.78
40,41.97
0,-0.11
9,5.71
83,76.97
7,7.08
0,11.56
69,70.51
41,45.35
64,69.62
0,19.62
67,58.92
0,0.34
35,36.63
54,54.68
57,59.95
45,58.81
27,25.78
43,46.81
66,75.98
0,11.93
4,7.32
0,0.45
61,59.66
26,12.8
57,50.0
44,54.9
48,33.36
21,24.14
69,69.17
0,1.07
37,23.82
2,8.8
32,46.07
69,71.94
17,10.05
84,79.27
74,70.47
62,62.51
38,44.28
71,66.51
25,15.2
40,16.11
0,13.75
0,9.32
62,55.87
36,49.44
0,8.43
18,10.02
52,60.03
59,54.08
19,20.96
8,12.78
35,42.46
73,69.08
55,48.32
18,20.66
12,12.17
0,10.51
69,28.84
40,44.46
48,47.77
7,12.89
14,14.25
63,53.67
58,59.07
69,69.02
0,1.55
6,7.37
0,-0.49
47,48.73
36,28.77
56,47.1
0,8.79
6,9.17
19,6.07
12,14.86
9,11.92
53,48.8
38,44.15
56,68.38
9,6.26
81,71.71
23,9.22
0,3.07
0,-0.62
47,44.53
56,50.47
57,55.08
59,64.77
6,5.14
0,6.78
38,47.17
0,9.11
8,18.55
0,6.36
5,12.92
59,67.76
55,54.84
4,7.71
81,79.95
47,25.02
47,50.97
0,1.01
5,6.39
3,12.54
74,58.7
61,68.25
35,44.53
35,16.77
23,17.63
58,49.32
50,53.55
53,49.29
7,12.97
46,50.33
16,13.09
46,50.99
0,-0.38
59,55.42
40,49.64
5,7.29
0,0.16
0,3.11
15,7.42
60,56.92
91,75.79
81,72.58
72,68.84
0,8.23
74,66.34
35,6.17
47,56.59
65,64.94
67,70.25
43,52.26
0,14.5
8,12.69
10,12.11
49,45.53
42,50.89
0,2.21
15,4.85
0,12.91
10,11.37
11,12.09
54,52.82
65,57.9
35,23.76
14,19.33
4,11.56
1,14.74
0,2.17
6,13.94
53,57.32
59,47.7
63,54.12
42,45.16
0,0.8
49,51.55
27,32.84
29,5.89
44,46.64
11,11.37
0,-0.49
18,6.87
11,7.75
0,0.34
45,45.35
38,50.9
20,20.18
0,1.04
0,11.37
9,6.15
55,58.39
50,55.6
70,59.61
0,0.41
53,53.7
60,57.28
73,70.88
6,12.33
51,62.61
0,18.77
76,69.52
55,48.8
58,54.55
39,16.81
50,54.35
62,69.88
13,15.26
74,70.64
11,13.4
25,14.92
53,50.92
9,12.41
0,0.12
3,15.21
6,9.42
0,13.44
6,11.59
0,2.15
0,9.31
59,60.57
49,51.81
57,49.72
0,1.2
0,0.14
0,15.98
41,63.43
78,74.22
0,0.04
73,74.65
17,8.38
81,70.87
0,-0.42
36,49.23
0,2.3
49,51.75
69,69.87
13,7.11
15,10.42
0,8.23
46,49.35
53,48.13
8,7.24
84,68.29
0,6.76
74,74.15
13,18.34
60,67.93
46,54.26
6,12.56
90,79.52
47,51.14
43,43.78
5,8.37
34,9.5
46,52.48
0,4.09
0,5.99
0,3.36
6,10.6
61,52.11
12,7.72
68,69.75
82,76.34
57,49.46
13,20.78
25,10.43
36,22.91
33,14.63
67,68.32
10,22.58
3,6.98
66,73.39
47,48.88
5,8.01
22,12.87
1,6.64
48,52.04
4,22.35
0,7.41
60,64.21
4,9.1
71,49.95
36,51.75
7,8.96
77,70.68
29,35.15
79,72.35
38,44.81
46,50.01
62,69.15
0,9.65
53,52.97
32,42.41
29,17.76
66,57.5
0,7.11
82,82.77
0,5.55
4,7.51
0,3.07
0,4.25
9,13.49
53,47.79
0,5.17
31,12.46
47,50.72
49,55.62
34,10.72
17,8.68
0,-1.45
43,53.66
0,0.26
68,67.91
11,17.52
12,8.47
12,19.7
58,55.44
45,48.85
59,60.33
73,57.57
49,61.0
0,9.01
45,45.45
58,59.35
0,0.21
60,59.17
0,10.84
33,13.65
68,58.3
2,17.16
77,65.52
49,25.05
2,10.69
79,71.95
35,9.71
0,5.96
48,52.26
33,13.88
50,55.44
41,44.63
62,58.35
65,57.14
3,4.73
55,58.37
83,73.32
42,15.51
32,18.88
56,55.43
72,72.29
72,53.82
79,68.53
53,60.0
10,13.28
59,54.05
49,54.45
40,57.82
73,67.93
55,65.66
1,11.34
69,68.27
31,15.28
70,51.94
46,51.97
56,58.45
63,55.42
23,17.62
47,50.6
50,49.15
54,56.68
7,11.47
0,1.38
76,69.32
9,12.96
57,68.73
63,54.59
15,10.54
3,11.9
0,9.12
32,20.97
15,14.47
12,16.39
0,10.36
0,3.48
64,61.2
45,50.48
0,0.53
40,53.5
84,75.65
3,11.66
62,56.08
38,37.99
0,-1.64
0,9.7
67,66.31
59,56.14
70,67.51
45,53.59
21,12.41
6,9.24
60,18.98
28,8.97
60,68.5
51,45.31
58,59.22
7,9.01
3,9.29
8,9.75
24,30.37
30,9.15
50,50.91
46,55.08
81,76.91
38,47.4
